rank,stadium,seating_capacity,region,country,city,image,home_team,latitude,longitude
1,Rungrado 1st of May Stadium,114000,East Asia,North Korea,Pyongyang,https://upload.wikimedia.org/wikipedia/commons/thumb/8/81/Arirang_Mass_Games_12.JPG/150px-Arirang_Mass_Games_12.JPG,"['Korea DPR national football team', ""Korea DPR women's national football team"", 'April 25']",39.0494096,125.7752831
2,Michigan Stadium,107601,North America,United States,Ann Arbor Michigan,https://upload.wikimedia.org/wikipedia/commons/thumb/e/ed/Real_Madrid_vs._Machester_United_August_2nd%2C_2014.jpg/150px-Real_Madrid_vs._Machester_United_August_2nd%2C_2014.jpg,['Michigan Wolverines football'],42.2658365,-83.7486956
3,Ohio Stadium,102780,North America,United States,Columbus Ohio,https://upload.wikimedia.org/wikipedia/commons/thumb/f/fc/Panoramic_view_of_Ohio_Stadium.jpg/150px-Panoramic_view_of_Ohio_Stadium.jpg,['Ohio State Buckeyes football'],40.0022328,-83.0196892
4,Melbourne Cricket Ground,100024,Oceania,Australia,Melbourne Victoria,https://upload.wikimedia.org/wikipedia/commons/thumb/b/b4/MCG_Panorama_24_July_2015.jpg/150px-MCG_Panorama_24_July_2015.jpg,"['Australia national cricket team', 'Victoria cricket team', 'Melbourne Cricket Club', 'Melbourne Stars', 'Melbourne FC', 'Richmond FC', 'Collingwood FC', 'Hawthorn FC']",-37.8199669,144.9834493
5,Camp Nou,99354,Europe,Spain,Barcelona Catalonia,https://upload.wikimedia.org/wikipedia/commons/thumb/0/0e/Camp_Nou_Experience_%28_Ank_Kumar%2C_INFOSYS_Limited_%29_07.jpg/150px-Camp_Nou_Experience_%28_Ank_Kumar%2C_INFOSYS_Limited_%29_07.jpg,['FC Barcelona'],41.380896,2.1228198
6,Estadio Azteca,95500,North America,Mexico,Mexico City,https://upload.wikimedia.org/wikipedia/commons/thumb/c/ca/Panor%C3%A1mica_esquina_noreste.jpg/150px-Panor%C3%A1mica_esquina_noreste.jpg,"['Club América', 'Cruz Azul', 'Mexico national football team']",19.3028607,-99.1505277
7,FNB Stadium,94736,Africa,South Africa,Johannesburg Gauteng,https://upload.wikimedia.org/wikipedia/commons/thumb/c/c0/First_game_of_the_2010_FIFA_World_Cup%2C_South_Africa_vs_Mexico.jpg/150px-First_game_of_the_2010_FIFA_World_Cup%2C_South_Africa_vs_Mexico.jpg,"['South Africa national football team', 'Kaizer Chiefs']",-26.2347569,27.9826554
8,New Administrative Capital Stadium,93940,Africa,Egypt,New Administrative Capital,https://upload.wikimedia.org/wikipedia/commons/thumb/e/e0/The_New_administrative_stadium_of_Egypt.jpg/150px-The_New_administrative_stadium_of_Egypt.jpg,['Egypt national football team'],29.8915188,31.6731123
9,Rose Bowl Stadium,92800,North America,United States,Pasadena California,https://upload.wikimedia.org/wikipedia/commons/thumb/d/d2/Rose_Bowl%2C_panorama.jpg/150px-Rose_Bowl%2C_panorama.jpg,['UCLA Bruins'],34.1613284,-118.1676462
10,Cotton Bowl Stadium,92100,North America,United States,Dallas Texas,https://upload.wikimedia.org/wikipedia/commons/thumb/5/52/2019_State_Fair_Classic_01_%28Cotton_Bowl%29.jpg/150px-2019_State_Fair_Classic_01_%28Cotton_Bowl%29.jpg,[],32.7796106,-96.7595891
11,Wembley Stadium,90000,Europe,England,London England,https://upload.wikimedia.org/wikipedia/commons/thumb/b/bb/Post_L2_Play-Off_Final.jpg/150px-Post_L2_Play-Off_Final.jpg,['England national football team'],51.5560247,-0.2796177
12,Lusail Stadium,88966,West Asia,Qatar,Lusail,https://upload.wikimedia.org/wikipedia/en/thumb/a/a3/Lusail_Stadium.jpg/150px-Lusail_Stadium.jpg,['Qatar national football team'],25.4208905,51.4907765
13,Bukit Jalil National Stadium,87411,Southeast Asia,Malaysia,Kuala Lumpur,https://upload.wikimedia.org/wikipedia/commons/thumb/a/a1/National_Stadium_Bukit_Jalil_2018_AFF_Suzuki_Cup_final.png/150px-National_Stadium_Bukit_Jalil_2018_AFF_Suzuki_Cup_final.png,['Malaysia national football team[13]'],3.054486,101.6912206
14,Borg elArab Stadium,86000,Africa,Egypt,Alexandria,https://upload.wikimedia.org/wikipedia/commons/thumb/1/1a/Borg_el_arab_stadium.jpg/150px-Borg_el_arab_stadium.jpg,"['Egypt national football team', 'Al Ittihad', 'Smouha']",31.0000094,29.729524
15,Estadio Santiago Bernabu,85000,Europe,Spain,Madrid,https://upload.wikimedia.org/wikipedia/commons/thumb/0/0e/Estadio_Santiago_Bernab%C3%A9u_Madrid.jpg/150px-Estadio_Santiago_Bernab%C3%A9u_Madrid.jpg,['Real Madrid'],40.4530387,-3.6883337
16,Estadio Ms Monumental,84567,South America,Argentina,Buenos Aires,https://upload.wikimedia.org/wikipedia/commons/thumb/c/c8/Estadio_Monumental.jpg/150px-Estadio_Monumental.jpg,"['Argentina national football team', 'River Plate']",-34.5452534,-58.4497577
17,Stadium Australia,83500,Oceania,Australia,Sydney New South Wales,https://upload.wikimedia.org/wikipedia/commons/thumb/f/f7/State_of_Origin_Game_II_2018.jpg/150px-State_of_Origin_Game_II_2018.jpg,"['South Sydney Rabbitohs', 'Canterbury-Bankstown Bulldogs', 'New South Wales Blues', 'New South Wales Waratahs', ""Australia men's national soccer team"", 'Australia national rugby union team']",-33.8471156,151.0634135
18,MetLife Stadium,82500,North America,United States,East Rutherford New Jersey,https://upload.wikimedia.org/wikipedia/commons/thumb/5/54/Copa_America_game_between_Columbia_vs_Peru_at_the_MetLife_Stadium.jpg/150px-Copa_America_game_between_Columbia_vs_Peru_at_the_MetLife_Stadium.jpg,"['New York Giants', 'New York Jets', ""United States men's national soccer team""]",40.8135064,-74.074457
19,Croke Park,82300,Europe,Ireland,Dublin,https://upload.wikimedia.org/wikipedia/commons/thumb/9/91/Croke_park_all_ireland.jpg/150px-Croke_park_all_ireland.jpg,"['Gaelic Athletic Association', 'Dublin GAA']",53.3607478,-6.2511342
20,Jakarta International Stadium,82000,Southeast Asia,Indonesia,Jakarta,https://upload.wikimedia.org/wikipedia/commons/thumb/b/b2/Jakarta_International_Stadium_interior.jpg/150px-Jakarta_International_Stadium_interior.jpg,"['Persija Jakarta', 'Indonesia national football team']",-6.1251217,106.8600346
21,Lambeau Field,81441,North America,United States,Green Bay Wisconsin,https://upload.wikimedia.org/wikipedia/commons/thumb/2/27/Lambeau_Field_bowl.jpg/150px-Lambeau_Field_bowl.jpg,['Green Bay Packers'],44.5013406,-88.0622083
22,SIGNAL IDUNA PARK,81365,Europe,Germany,Dortmund,https://upload.wikimedia.org/wikipedia/commons/thumb/3/38/Signal_iduna_park.jpg/150px-Signal_iduna_park.jpg,['Borussia Dortmund'],51.4925888,7.4518574
23,Stade de France,81338,Europe,France,SaintDenis,https://upload.wikimedia.org/wikipedia/commons/thumb/5/53/StadeFranceNationsLeague2018.jpg/150px-StadeFranceNationsLeague2018.jpg,['France national football team'],48.9244751,2.3601498
24,Grand Sports Arena of the Luzhniki Olympic Complex,81000,Europe,Russia,Moscow,https://upload.wikimedia.org/wikipedia/commons/thumb/3/3c/Luzhniki_Stadium2.jpg/150px-Luzhniki_Stadium2.jpg,[],55.7154325,37.5533153
25,Shah Alam Stadium,80372,Southeast Asia,Malaysia,Shah Alam Selangor,https://upload.wikimedia.org/wikipedia/commons/thumb/9/99/Shah_Alam_Stadium_%28inside%29.jpg/150px-Shah_Alam_Stadium_%28inside%29.jpg,['Selangor FA'],3.0738099,101.5371811
26,Estadio Monumental,80093,South America,Peru,Lima,https://upload.wikimedia.org/wikipedia/commons/thumb/f/f1/EstadioUniversitario.jpg/150px-EstadioUniversitario.jpg,['Club Universitario de Deportes'],-12.0556981,-76.936009
27,Stadio Giuseppe Meazza,80018,Europe,Italy,Milan Lombardy,https://upload.wikimedia.org/wikipedia/commons/thumb/a/a3/Stadio_Giuseppe_Meazza%2C_San_Siro%2C_Milan_%283326869632%29.jpg/150px-Stadio_Giuseppe_Meazza%2C_San_Siro%2C_Milan_%283326869632%29.jpg,"['AC Milan', 'Internazionale']",45.4780807,9.123996
28,Guangdong Olympic Stadium,80012,East Asia,China,Guangzhou Guangdong,https://upload.wikimedia.org/wikipedia/commons/thumb/f/f7/Stade_Olympique_Guangdong.JPG/150px-Stade_Olympique_Guangdong.JPG,[],23.134414,113.407309
29,Hangzhou Olympic Sports Expo Centre Stadium,80000,East Asia,China,Hangzhou Zhejiang,https://upload.wikimedia.org/wikipedia/commons/thumb/4/4c/Hangzhou_Olympic_Sports_Center_Stadium2021.jpg/150px-Hangzhou_Olympic_Sports_Center_Stadium2021.jpg,[],30.2273741,120.2334226
30,ATT Stadium,80000,North America,United States,Arlington Texas,https://upload.wikimedia.org/wikipedia/commons/thumb/5/52/Cowboys_Stadium_full_view.jpg/150px-Cowboys_Stadium_full_view.jpg,"['Dallas Cowboys', 'FC Dallas']",32.7479966,-97.0934165
31,Stade des Martyrs,80000,Africa,DR Congo,Kinshasa,https://upload.wikimedia.org/wikipedia/commons/thumb/d/d3/Stade_des_martyrs_0332_Kinshasa_%288756673901%29.jpg/150px-Stade_des_martyrs_0332_Kinshasa_%288756673901%29.jpg,['Congo DR national football team'],-4.3302902,15.3103686
32,Stade Tata Raphal,80000,Africa,DR Congo,Kinshasa,https://upload.wikimedia.org/wikipedia/commons/thumb/0/0a/No-image-available.png/480px-No-image-available.png,"['AS Vita Club', 'DC Motema Pembe']",-4.3388917,15.3237559
33,National Sports Stadium,80000,Africa,Zimbabwe,Harare,https://upload.wikimedia.org/wikipedia/commons/thumb/0/0a/No-image-available.png/480px-No-image-available.png,['Zimbabwe national football team'],-17.8213959,30.9950297
34,Moi International Sports Centre,80000,Africa,Kenya,Nairobi,https://upload.wikimedia.org/wikipedia/commons/thumb/9/9c/Inside_the_Kasarani_Stadium.jpg/150px-Inside_the_Kasarani_Stadium.jpg,['Kenya national football team'],-1.2301457,36.8925629
35,Beijing National Stadium,80000,East Asia,China,Beijing,https://upload.wikimedia.org/wikipedia/commons/thumb/5/51/Beijing_National_Stadium_2014_2.jpg/150px-Beijing_National_Stadium_2014_2.jpg,[],39.9929431,116.3965112
36,Stade Lopold Sdar Senghor,80000,Africa,Senegal,Dakar,https://upload.wikimedia.org/wikipedia/commons/thumb/8/8f/Senegal_1_-_Cameroon_0_-_Stade_L%C3%A9opold_S%C3%A9dar_Senghor.jpg/150px-Senegal_1_-_Cameroon_0_-_Stade_L%C3%A9opold_S%C3%A9dar_Senghor.jpg,"['Senegal national football team', ""ASC Jeanne d'Arc""]",14.7467034,-17.4519086
37,Maracan,78838,South America,Brazil,Rio de Janeiro Rio de Janeiro,https://upload.wikimedia.org/wikipedia/commons/thumb/f/fe/Bosnia_players_at_Maracan%C3%A3_15_June_2014.jpg/150px-Bosnia_players_at_Maracan%C3%A3_15_June_2014.jpg,"['CR Flamengo', 'Fluminense FC', 'Botafogo FR', 'CR Vasco da Gama']",-22.9123598,-43.2265474
38,Los Angeles Memorial Coliseum,78467,North America,United States,Los Angeles California,https://upload.wikimedia.org/wikipedia/commons/thumb/2/25/USC_vs_University_of_Oregon_November_2019.png/150px-USC_vs_University_of_Oregon_November_2019.png,['USC Trojans'],34.0136647,-118.2878355
39,Azadi Stadium,78116,West Asia,Iran,Tehran,https://upload.wikimedia.org/wikipedia/commons/thumb/7/78/Azadi_Stadium_%287%29.jpg/150px-Azadi_Stadium_%287%29.jpg,"['Iran national football team', 'Esteghlal FC', 'Persepolis FC']",35.724566,51.275455
40,Stadion Utama Gelora Bung Karno,77193,Southeast Asia,Indonesia,Jakarta,https://upload.wikimedia.org/wikipedia/commons/thumb/2/29/Gbk_persija_arema_20190803.jpg/150px-Gbk_persija_arema_20190803.jpg,['Indonesia national football team'],-6.2186488,106.8017727
41,Caesars Superdome,76468,North America,United States,New Orleans Louisiana,https://upload.wikimedia.org/wikipedia/commons/thumb/a/a1/The_Dome_New_Orleans_Man_Trip.jpg/150px-The_Dome_New_Orleans_Man_Trip.jpg,"['New Orleans Saints', 'Sugar Bowl']",29.951061,-90.0812442
42,Arrowhead Stadium,76412,North America,United States,Kansas City Missouri,https://upload.wikimedia.org/wikipedia/commons/thumb/1/10/25_July_2010_Kansas_City_Wizards_vs_Manchester_United_friendly.jpg/150px-25_July_2010_Kansas_City_Wizards_vs_Manchester_United_friendly.jpg,['Kansas City Chiefs'],39.0489647,-94.4840141
43,Empower Field,76125,North America,United States,Denver,https://upload.wikimedia.org/wikipedia/commons/thumb/4/49/SAF_at_Mile_High_AFC_Championship_game_pom-poms.jpg/150px-SAF_at_Mile_High_AFC_Championship_game_pom-poms.jpg,['Denver Broncos'],39.7438895,-105.0201094
44,Atatrk Olimpiyat Stadyumu,76092,Europe,Turkey,Istanbul,https://upload.wikimedia.org/wikipedia/commons/thumb/6/68/Istanbul_Atat%C3%BCrk_Olympic_Stadium_2.jpg/150px-Istanbul_Atat%C3%BCrk_Olympic_Stadium_2.jpg,[],41.0744177,28.7656215
45,Old Trafford,76000,Europe,England,Manchester North West England,https://upload.wikimedia.org/wikipedia/commons/thumb/b/bd/Manchester_United_old_trafford_Ank_Kumar_01.jpg/150px-Manchester_United_old_trafford_Ank_Kumar_01.jpg,['Manchester United'],53.462094,-2.2766419
46,Allianz Arena,75024,Europe,Germany,Munich,https://upload.wikimedia.org/wikipedia/commons/thumb/4/48/Allainz_Arena_%28Bayern_Munich%29.jpg/150px-Allainz_Arena_%28Bayern_Munich%29.jpg,['FC Bayern Munich'],48.2187966,11.6247074
47,NaghsheJahan Stadium,75000,West Asia,Iran,Isfahan,https://upload.wikimedia.org/wikipedia/commons/thumb/4/4f/Naghsh_Jahan_Stadium.jpg/150px-Naghsh_Jahan_Stadium.jpg,['Sepahan FC'],32.7432511,51.6861831
48,Bank of America Stadium,74867,North America,United States,Charlotte North Carolina,https://upload.wikimedia.org/wikipedia/commons/thumb/8/85/Bank_of_America_Stadium_soccer.jpg/150px-Bank_of_America_Stadium_soccer.jpg,"['Charlotte FC', 'Carolina Panthers']",35.2257795,-80.852965
49,Millennium Stadium,74500,Europe,Wales,Cardiff,https://upload.wikimedia.org/wikipedia/commons/thumb/e/e6/Millennium_Stadium_-_Glanmor%E2%80%99s_Gap.jpg/150px-Millennium_Stadium_-_Glanmor%E2%80%99s_Gap.jpg,['Wales national football team'],51.4782085,-3.1826341
50,Olympiastadion,74475,Europe,Germany,Berlin,https://upload.wikimedia.org/wikipedia/commons/thumb/5/52/Berlin_Olympiastadion_nach_Umbau.jpg/150px-Berlin_Olympiastadion_nach_Umbau.jpg,['Hertha BSC'],52.5146782,13.239517
51,Cairo International Stadium,74100,Africa,Egypt,Cairo,https://upload.wikimedia.org/wikipedia/commons/thumb/b/bc/Cairo_Stadium_Afcon_u23_2019.jpg/150px-Cairo_Stadium_Afcon_u23_2019.jpg,"['Egypt national football team', 'Al Ahly', 'Zamalek']",30.0690539,31.3120368
52,FirstEnergy Stadium,73200,North America,United States,Cleveland,https://upload.wikimedia.org/wikipedia/commons/thumb/f/f1/FirstEnergy_Stadium_panorama_2016.jpg/150px-FirstEnergy_Stadium_panorama_2016.jpg,['Cleveland Browns'],41.5060535,-81.6995481
53,Estdio Nacional Man Garrincha,72788,South America,Brazil,Braslia Distrito Federal,https://upload.wikimedia.org/wikipedia/commons/thumb/d/da/Est%C3%A1dio_Nacional_Bras%C3%ADlia.jpg/150px-Est%C3%A1dio_Nacional_Bras%C3%ADlia.jpg,"['Brasília FC', 'Legião FC']",-15.78356,-47.8992446
54,Stadio Olimpico,72698,Europe,Italy,Rome Lazio,https://upload.wikimedia.org/wikipedia/commons/thumb/6/64/The_Stadio_Olimpico_during_a_match_between_AS_Roma_and_Sampdoria.jpg/150px-The_Stadio_Olimpico_during_a_match_between_AS_Roma_and_Sampdoria.jpg,"['AS Roma', 'Lazio']",41.9339383,12.4547979
55,Nissan Stadium,72327,East Asia,Japan,Yokohama Kanagawa,https://upload.wikimedia.org/wikipedia/commons/thumb/9/91/International_Stadium_Yokohama-1.jpg/150px-International_Stadium_Yokohama-1.jpg,"['Yokohama F. Marinos', 'Yokohama Eagles']",35.5099461,139.6063937
56,NRG Stadium,72220,North America,United States,Houston Texas,https://upload.wikimedia.org/wikipedia/commons/thumb/d/dc/The_Texans_at_Reliant_Park_1_Jan_2012.jpg/150px-The_Texans_at_Reliant_Park_1_Jan_2012.jpg,"['Houston Texans', 'Houston Dynamo FC']",29.6847219,-95.4107074
57,Shanghai Stadium,72000,East Asia,China,Shanghai,https://upload.wikimedia.org/wikipedia/commons/thumb/d/de/Shanghai_Stadium_2008.JPG/150px-Shanghai_Stadium_2008.JPG,['Shanghai Shenhua'],31.181471,121.438378
58,MT Bank Stadium,71008,North America,United States,Baltimore,https://upload.wikimedia.org/wikipedia/commons/thumb/9/92/M%26T_Bank_Stadium_USA_soccer.JPG/150px-M%26T_Bank_Stadium_USA_soccer.JPG,['Baltimore Ravens'],39.2779876,-76.6227044
59,MercedesBenz Stadium,71000,North America,United States,Atlanta Georgia,https://upload.wikimedia.org/wikipedia/commons/thumb/f/f2/Mercedes_Benz_Stadium_interior_2017-08-25_1.jpg/150px-Mercedes_Benz_Stadium_interior_2017-08-25_1.jpg,"['Atlanta United FC', 'Atlanta Falcons']",33.7553232,-84.4005905
60,Olympic National Sports Complex Stadium,70000,Europe,Ukraine,Kyiv,https://upload.wikimedia.org/wikipedia/commons/thumb/0/0d/Kyiv_NSC_Olimpiyskyi_5.jpg/150px-Kyiv_NSC_Olimpiyskyi_5.jpg,"['Ukraine national football team', 'FC Dynamo Kyiv']",50.4503596,30.5245025
61,SoFi Stadium,70000,North America,United States,Inglewood California,https://upload.wikimedia.org/wikipedia/commons/thumb/b/b0/SoFi_Stadium_interior_2021.jpg/150px-SoFi_Stadium_interior_2021.jpg,[],33.9534651,-118.3390396
62,Seoul Olympic Stadium,69950,East Asia,South Korea,Seoul,https://upload.wikimedia.org/wikipedia/commons/thumb/e/e5/%E8%9A%95%E5%AE%A4_03.jpg/150px-%E8%9A%95%E5%AE%A4_03.jpg,[],37.5158376,127.0727986
63,Bak Olimpiya stadionu,69870,West Asia,Azerbaijan,Baku,https://upload.wikimedia.org/wikipedia/commons/thumb/b/b9/Chelsea_won_UEFA_Europa_League_final_at_Olympic_Stadium_and_President_Ilham_Aliyev_watched_the_final_match_16.jpg/150px-Chelsea_won_UEFA_Europa_League_final_at_Olympic_Stadium_and_President_Ilham_Aliyev_watched_the_final_match_16.jpg,['Azerbaijan national football team'],40.429958,49.919602
64,Olympic Stadium,69618,Europe,Greece,Marousi Attica,https://upload.wikimedia.org/wikipedia/en/thumb/d/d6/Olympic_Stadium_at_Athens_before_a_home_game_of_Panathinaikos_on_February_2%2C_2013.jpg/150px-Olympic_Stadium_at_Athens_before_a_home_game_of_Panathinaikos_on_February_2%2C_2013.jpg,['Greece national football team'],38.0359096,23.7869732
65,Olympiastadion Mnchen,69250,Europe,Germany,Munich,https://upload.wikimedia.org/wikipedia/commons/thumb/3/35/M%C3%BCnchener_Olympiastadion.jpg/150px-M%C3%BCnchener_Olympiastadion.jpg,[],48.1731612,11.5465866
66,Lumen Field,69000,North America,United States,Seattle Washington,https://upload.wikimedia.org/wikipedia/commons/thumb/5/53/Qwest_Field_North.jpg/150px-Qwest_Field_North.jpg,"['Seattle Sounders FC', 'Seattle Seahawks']",47.5951518,-122.3316393
67,Estadio Olmpico Universitario,68954,North America,Mexico,Mexico City,https://upload.wikimedia.org/wikipedia/commons/thumb/f/f2/Estadio_Pumas.jpg/150px-Estadio_Pumas.jpg,['UNAM Pumas'],19.3319056,-99.1921777
68,Gillette Stadium,68756,North America,United States,Foxborough Massachusetts,https://upload.wikimedia.org/wikipedia/commons/thumb/8/8c/Stadiumguillete_%28cropped%29.jpg/150px-Stadiumguillete_%28cropped%29.jpg,"['New England Patriots', 'New England Revolution']",42.0909458,-71.2643465
69,King Abdullah Sports City Stadium,68560,West Asia,Saudi Arabia,Jeddah,https://upload.wikimedia.org/wikipedia/commons/thumb/6/68/Jawhara_Stadium.jpg/150px-Jawhara_Stadium.jpg,"['Saudi Arabia national football team', 'Al-Ahli Saudi FC', 'Al-Ittihad Saudi Club']",21.763245,39.1643229
70,Lincoln Financial Field,68532,North America,United States,Philadelphia,https://upload.wikimedia.org/wikipedia/commons/thumb/3/36/USA-Turkey-Linc.jpg/150px-USA-Turkey-Linc.jpg,"['Philadelphia Eagles', 'Temple Owls football']",39.9013695,-75.1675215
71,Levis Stadium,68500,North America,United States,Santa Clara California,https://upload.wikimedia.org/wikipedia/commons/thumb/0/00/Entering_Levi%27s_Stadium.JPG/150px-Entering_Levi%27s_Stadium.JPG,['San Francisco 49ers'],37.4033165,-121.9693774
72,Acrisure Stadium,68400,North America,United States,Pittsburgh,https://upload.wikimedia.org/wikipedia/commons/thumb/2/23/Heinz_Field_NHL_Winter_Classic.jpg/150px-Heinz_Field_NHL_Winter_Classic.jpg,"['Pittsburgh Steelers', 'Pittsburgh Panthers football']",40.4467648,-80.0157603
73,Gazprom Arena,68134,Europe,Russia,Saint Petersburg,https://upload.wikimedia.org/wikipedia/commons/thumb/1/1c/Fina-l2017.jpg/150px-Fina-l2017.jpg,['FC Zenit Saint Petersburg'],59.972728,30.2214045
74,Salt Lake Stadium,68000,South Asia,India,Kolkata,https://upload.wikimedia.org/wikipedia/commons/thumb/5/5f/Salt_Lake_Stadium_during_FIFA_U17_World_Cup_2017_....jpg/150px-Salt_Lake_Stadium_during_FIFA_U17_World_Cup_2017_....jpg,"['India national football team', 'Mohun Bagan Super Giant', 'East Bengal FC', 'Mohammedan SC']",22.5690538,88.4090443
75,National Stadium,68000,East Asia,Japan,Tokyo,https://upload.wikimedia.org/wikipedia/commons/thumb/7/7c/Drones_durante_a_abertura_das_Olimp%C3%ADadas_de_T%C3%B3quio.jpg/150px-Drones_durante_a_abertura_das_Olimp%C3%ADadas_de_T%C3%B3quio.jpg,[],35.6778241,139.7145409
76,TIAA Bank Field,67814,North America,United States,Jacksonville Florida,https://upload.wikimedia.org/wikipedia/commons/thumb/3/36/2009_Gator_Bowl.jpg/150px-2009_Gator_Bowl.jpg,['Jacksonville Jaguars'],30.3239099,-81.6373497
77,Cvitas Metropolitano,70460,Europe,Spain,Madrid,https://upload.wikimedia.org/wikipedia/commons/thumb/0/05/Wanda-Metropolitano.jpg/150px-Wanda-Metropolitano.jpg,['Atlético de Madrid'],40.4362323,-3.5994819
78,Orange Vlodrome,67394,Europe,France,Marseille,https://upload.wikimedia.org/wikipedia/commons/thumb/8/85/Stade_V%C3%A9lodrome_1.jpg/150px-Stade_V%C3%A9lodrome_1.jpg,['Olympique de Marseille'],43.269859,5.3959015
79,Pusks Arna,67215,Europe,Hungary,Budapest,https://upload.wikimedia.org/wikipedia/commons/thumb/3/3a/Pusk%C3%A1s_Ar%C3%A9na_01.jpg/150px-Pusk%C3%A1s_Ar%C3%A9na_01.jpg,['Hungary national football team'],47.5030398,19.098161
80,Scottish Gas Murrayfield Stadium,67144,Europe,Scotland,Edinburgh,https://upload.wikimedia.org/wikipedia/commons/thumb/a/a1/Murrayfield_Stadium_-_geograph.org.uk_-_1246737.jpg/150px-Murrayfield_Stadium_-_geograph.org.uk_-_1246737.jpg,['Scotland national rugby union team'],55.942195,-3.2409127
81,Lucas Oil Stadium,67000,North America,United States,Indianapolis Indiana,https://upload.wikimedia.org/wikipedia/commons/thumb/8/89/LucasOilStadiumTheLuke.jpg/150px-LucasOilStadiumTheLuke.jpg,['Indianapolis Colts'],39.7601007,-86.1638877
82,MorumBIS,66975,South America,Brazil,So Paulo So Paulo,https://upload.wikimedia.org/wikipedia/commons/thumb/1/13/Estadio_Morumbi_2014.jpg/150px-Estadio_Morumbi_2014.jpg,['São Paulo FC'],-23.5978856,-46.7201808
83,The Dome,66965,North America,United States,St Louis,https://upload.wikimedia.org/wikipedia/commons/thumb/b/bd/2005_NCAA_North_Carolina_v_Michigan_State.JPG/150px-2005_NCAA_North_Carolina_v_Michigan_State.JPG,['St. Louis BattleHawks'],38.6328232,-90.1885068
84,YadegareEmam Stadium,66833,West Asia,Iran,Tabriz,https://upload.wikimedia.org/wikipedia/commons/thumb/1/12/Yadegar_Emam_stadium_at_night_-_panoramio.jpg/150px-Yadegar_Emam_stadium_at_night_-_panoramio.jpg,['Tractor Sazi FC'],38.0268625,46.2960781
85,Seoul World Cup Stadium,66704,East Asia,South Korea,Seoul,https://upload.wikimedia.org/wikipedia/commons/thumb/b/b8/AFC_Champions_League_Final_1st_leg.jpg/150px-AFC_Champions_League_Final_1st_leg.jpg,['FC Seoul'],37.5682617,126.8972735
86,US Bank Stadium,66655,North America,United States,Minneapolis,https://upload.wikimedia.org/wikipedia/commons/thumb/6/6a/Looking_South-US_Bank_Stadium.jpg/150px-Looking_South-US_Bank_Stadium.jpg,['Minnesota Vikings'],44.9736461,-93.2574945
87,Daegu Stadium,66422,East Asia,South Korea,Daegu,https://upload.wikimedia.org/wikipedia/commons/thumb/d/da/Daegu.Stadium.original.2167.jpg/150px-Daegu.Stadium.original.2167.jpg,['Daegu FC'],35.8298301,128.690203
88,Workers Stadium,66161,East Asia,China,Beijing,https://upload.wikimedia.org/wikipedia/commons/thumb/5/58/New_Workers%27_Stadium_under_construction_%2820221025141129%29.jpg/150px-New_Workers%27_Stadium_under_construction_%2820221025141129%29.jpg,"['Beijing Guoan', 'China national football team']",39.9298807,116.4407424
89,London Stadium,66000,Europe,England,London,https://upload.wikimedia.org/wikipedia/commons/thumb/b/b1/London_Stadium_panorama_picture.jpg/150px-London_Stadium_panorama_picture.jpg,['West Ham United'],51.5386745,-0.0164597
90,Raymond James Stadium,65847,North America,United States,Tampa Florida,https://upload.wikimedia.org/wikipedia/commons/thumb/9/9d/RaymondJamesStadium2022.jpg/150px-RaymondJamesStadium2022.jpg,"['Tampa Bay Buccaneers', 'South Florida Bulls football', 'Tampa Bay Vipers']",27.9758691,-82.5033344
91,Hard Rock Stadium,65326,North America,United States,Miami Gardens Florida,https://upload.wikimedia.org/wikipedia/commons/thumb/9/99/Interior_of_updated_Hard_Rock_Stadium.jpg/150px-Interior_of_updated_Hard_Rock_Stadium.jpg,"['Miami Dolphins', 'Miami Hurricanes football']",25.958326,-80.2395979
92,Olympic Stadium,65255,North America,Canada,Montreal Quebec,https://upload.wikimedia.org/wikipedia/commons/thumb/f/fc/Montreal_Impact_CONCACAF_FINAL.jpg/150px-Montreal_Impact_CONCACAF_FINAL.jpg,['CF Montréal'],45.5577438,-73.5515478
93,Basra International Stadium,65227,West Asia,Iraq,Basra,https://upload.wikimedia.org/wikipedia/commons/thumb/6/62/Basra_International_Stadium_Opening_2.JPG/150px-Basra_International_Stadium_Opening_2.JPG,['Iraq national football team'],30.4399973,47.7798512
94,Camping World Stadium,65000,North America,United States,Orlando Florida,https://upload.wikimedia.org/wikipedia/commons/thumb/4/4c/Citrus_Bowl%2C_Construction_progress.jpg/150px-Citrus_Bowl%2C_Construction_progress.jpg,[],28.5390192,-81.4027525
95,Alamodome,65000,North America,United States,San Antonio,https://upload.wikimedia.org/wikipedia/commons/thumb/0/0d/Alamodome_Conference_USA_Championship.jpg/150px-Alamodome_Conference_USA_Championship.jpg,['UTSA Roadrunners football'],29.4169834,-98.4788143
96,Ford Field,65000,North America,United States,Detroit,https://upload.wikimedia.org/wikipedia/commons/thumb/b/b3/FordField-2008NCAAtournament-MidwestRegional.jpg/150px-FordField-2008NCAAtournament-MidwestRegional.jpg,['Detroit Lions'],42.3400064,-83.045603
97,Stade Ibn Battuta,65000,Africa,Morocco,Tangier,https://upload.wikimedia.org/wikipedia/commons/thumb/9/93/Stade_Ibn_Batuta%2C_Tanger.jpg/150px-Stade_Ibn_Batuta%2C_Tanger.jpg,['IR Tanger'],35.741152,-5.8580531
98,Estdio do Sport Lisboa e Benfica,64642,Europe,Portugal,Lisbon,https://upload.wikimedia.org/wikipedia/commons/thumb/1/1b/LuzLissabon.jpg/150px-LuzLissabon.jpg,['Benfica'],38.7526905,-9.184692
99,Stade du 5juillet1962,64000,Africa,Algeria,Algiers,https://upload.wikimedia.org/wikipedia/commons/thumb/a/a0/Stade_5_Juillet_1962.jpg/150px-Stade_5_Juillet_1962.jpg,['Algeria national football team'],36.7598692,2.9952044
100,Castelo,63903,South America,Brazil,Fortaleza Cear,https://upload.wikimedia.org/wikipedia/commons/thumb/e/ec/Castel%C3%A3o_Arena_%285%29.jpg/150px-Castel%C3%A3o_Arena_%285%29.jpg,"['Ceará SC', 'Fortaleza EC']",-3.7327203,-38.5270134
101,Saitama Stadium 2002,63700,East Asia,Japan,Saitama,https://upload.wikimedia.org/wikipedia/commons/thumb/6/60/Saitama_Stadium_Panorama.jpg/150px-Saitama_Stadium_Panorama.jpg,"['Urawa Red Diamonds', 'Saitama Wild Knights']",35.9037296,139.7174074
102,Ellis Park Stadium,62567,Africa,South Africa,Johannesburg Gauteng,https://upload.wikimedia.org/wikipedia/commons/thumb/b/bc/Warm-ups_at_Brazil_%26_North_Korea_match_at_FIFA_World_Cup_2010-06-15_1.jpg/150px-Warm-ups_at_Brazil_%26_North_Korea_match_at_FIFA_World_Cup_2010-06-15_1.jpg,"['Orlando Pirates FC', 'Emirates Johannesburg Lions']",-26.1975466,28.0608802
103,Tottenham Hotspur Stadium,62303,Europe,England,London,https://upload.wikimedia.org/wikipedia/commons/thumb/8/8c/Spurs_stadium_January_2020.jpg/150px-Spurs_stadium_January_2020.jpg,['Tottenham Hotspur'],51.6042205,-0.0662231
104,VELTINSArena,62271,Europe,Germany,Gelsenkirchen,https://upload.wikimedia.org/wikipedia/commons/thumb/d/d2/080110_schalke_arena_germany.JPG/150px-080110_schalke_arena_germany.JPG,['FC Schalke 04'],51.554631,7.0675242
105,Yizhong Sports Centre Stadium,62000,East Asia,China,Qingdao Shandong,https://upload.wikimedia.org/wikipedia/commons/thumb/7/77/Qingdao_Guoxin_Stadium.jpg/150px-Qingdao_Guoxin_Stadium.jpg,['Qingdao Jonoon FC'],36.105787,120.445514
106,Estdio Governador Magalhes Pinto,61846,South America,Brazil,Belo Horizonte Minas Gerais,https://upload.wikimedia.org/wikipedia/commons/thumb/6/69/Stadion_Belo_Horizonte_Halbfinale_WM_2014_%2822117986076%29.jpg/150px-Stadion_Belo_Horizonte_Halbfinale_WM_2014_%2822117986076%29.jpg,"['Atlético Mineiro', 'Cruzeiro EC']",-19.865867,-43.9711315
107,King Fahd International Stadium,61781,West Asia,Saudi Arabia,Riyadh,https://upload.wikimedia.org/wikipedia/commons/thumb/2/2b/%E3%82%AD%E3%83%B3%E3%82%B0%E3%83%95%E3%82%A1%E3%83%8F%E3%83%89%E5%9B%BD%E9%9A%9B%E3%82%B9%E3%82%BF%E3%82%B8%E3%82%A2%E3%83%A0.jpg/150px-%E3%82%AD%E3%83%B3%E3%82%B0%E3%83%95%E3%82%A1%E3%83%8F%E3%83%89%E5%9B%BD%E9%9A%9B%E3%82%B9%E3%82%BF%E3%82%B8%E3%82%A2%E3%83%A0.jpg,"['Saudi Arabia national football team', 'Al-Hilal', 'Al-Nassr', 'Al-Shabab']",24.7889955,46.8389067
108,Soldier Field,61500,North America,United States,Chicago,https://upload.wikimedia.org/wikipedia/commons/thumb/8/8b/The_Refurbished_Soldier_Field.jpg/150px-The_Refurbished_Soldier_Field.jpg,['Chicago Bears'],41.8623132,-87.6166884
109,Nanjing Olympic Sports Centre Stadium,61443,East Asia,China,Nanjing Jiangsu,https://upload.wikimedia.org/wikipedia/commons/thumb/b/b5/Nanjing_Olympic_Sports_Center_inner_view_%282016%29.jpg/150px-Nanjing_Olympic_Sports_Center_inner_view_%282016%29.jpg,[],32.010142,118.720051
110,Anfield,65000,Europe,England,Liverpool England,https://upload.wikimedia.org/wikipedia/commons/thumb/0/02/Panorama_of_Anfield_with_new_main_stand_%2829676137824%29.jpg/150px-Panorama_of_Anfield_with_new_main_stand_%2829676137824%29.jpg,['Liverpool FC'],53.4318521,-2.9609022
111,Estadio Benito Villamarn,60720,Europe,Spain,Seville,https://upload.wikimedia.org/wikipedia/commons/thumb/6/6d/Estadio_Benito_Villamar%C3%ADn_2018001.jpg/150px-Estadio_Benito_Villamar%C3%ADn_2018001.jpg,['Real Betis'],37.3564922,-5.9817117
112,Abuja Stadium,60491,Africa,Nigeria,Abuja,https://upload.wikimedia.org/wikipedia/commons/thumb/d/d2/Football_heaven.jpg/150px-Football_heaven.jpg,['Nigeria national football team'],9.038036,7.4534569
113,MHPArena,60469,Europe,Germany,Stuttgart,https://upload.wikimedia.org/wikipedia/commons/thumb/5/53/Neckarstadion_2011.jpg/150px-Neckarstadion_2011.jpg,['VfB Stuttgart'],48.7922577,9.23208
114,Celtic Park,60411,Europe,Scotland,Glasgow,https://upload.wikimedia.org/wikipedia/commons/thumb/c/ce/Celtic_park_2.jpg/150px-Celtic_park_2.jpg,['Celtic FC'],55.849696,-4.2055427
115,Estadio de la UNSA,60370,South America,Peru,Arequipa,https://upload.wikimedia.org/wikipedia/commons/thumb/e/ef/OutsideUNSA.jpg/150px-OutsideUNSA.jpg,['FBC Melgar'],-16.4072704,-71.5202789
116,Emirates Stadium,60338,Europe,England,London,https://upload.wikimedia.org/wikipedia/commons/thumb/d/d1/Emirates_Stadium_-_East_stand_Club_Level.jpg/150px-Emirates_Stadium_-_East_stand_Club_Level.jpg,['Arsenal'],51.5550821,-0.1083998
117,Shenzhen Universiade Sports Centre Stadium,60334,East Asia,China,Shenzhen Guangdong,https://upload.wikimedia.org/wikipedia/commons/thumb/1/11/%E6%B7%B1%E5%9C%B3%E9%BE%99%E5%B2%97%E5%A4%A7%E8%BF%90%E4%B8%AD%E5%BF%83%E4%BD%93%E8%82%B2%E9%A6%86%E5%86%85%E9%83%A8.jpg/150px-%E6%B7%B1%E5%9C%B3%E9%BE%99%E5%B2%97%E5%A4%A7%E8%BF%90%E4%B8%AD%E5%BF%83%E4%BD%93%E8%82%B2%E9%A6%86%E5%86%85%E9%83%A8.jpg,[],22.693025,114.219029
118,Estadio Centenario,60235,South America,Uruguay,Montevideo,https://upload.wikimedia.org/wikipedia/commons/thumb/9/98/Estadio_Centenario_2021.jpg/150px-Estadio_Centenario_2021.jpg,['Uruguay national football team'],-34.8947883,-56.1534664
119,Estdio Jos do Rego Maciel,60044,South America,Brazil,Recife Pernambuco,https://upload.wikimedia.org/wikipedia/commons/thumb/1/1b/Arruda_em_novembro_de_2013.JPG/150px-Arruda_em_novembro_de_2013.JPG,['Santa Cruz FC'],-8.0266992,-34.8911112
120,AlBayt Stadium,60000,West Asia,Qatar,AlKhor,https://upload.wikimedia.org/wikipedia/en/thumb/7/71/Al_Bayt_Stadium_architecture.jpg/150px-Al_Bayt_Stadium_architecture.jpg,[],25.6523201,51.4878305
121,Benjamin Mkapa National Stadium,60000,Africa,Tanzania,Dar esSalaam,https://upload.wikimedia.org/wikipedia/commons/thumb/e/ef/Tanzania_National_Main_Stadium_Aerial.jpg/150px-Tanzania_National_Main_Stadium_Aerial.jpg,"['Tanzania national football team', 'Young Africans']",-6.8535593,39.2738143
122,Hefei Olympic Sports Centre Stadium,60000,East Asia,China,Hefei Anhui,https://upload.wikimedia.org/wikipedia/commons/thumb/8/8e/Hefei_Olympic_Sports_Center_Stadium.jpg/150px-Hefei_Olympic_Sports_Center_Stadium.jpg,['Anhui Jiufang'],31.798386,117.223196
123,Jaber alAhmad International Stadium,60000,West Asia,Kuwait,Kuwait City,https://upload.wikimedia.org/wikipedia/en/thumb/1/18/Jaber_Al-Ahmad_International_Stadium_2019_local.png/150px-Jaber_Al-Ahmad_International_Stadium_2019_local.png,['Kuwait national football team'],29.2713728,47.9187014
124,Hammadi Agrebi Stadium,60000,Africa,Tunisia,Tunis,https://upload.wikimedia.org/wikipedia/commons/thumb/0/02/Mozambique-Tunisia_match_2009.jpg/150px-Mozambique-Tunisia_match_2009.jpg,['Tunisia national football team'],36.747785,10.2728649
125,Jawaharlal Nehru Stadium,60000,South Asia,India,New Delhi,https://upload.wikimedia.org/wikipedia/commons/thumb/a/a0/Jawaharlal_Nehru_Stadium%2C_New_Delhi.png/150px-Jawaharlal_Nehru_Stadium%2C_New_Delhi.png,[],28.5833047,77.2333304
126,Mogadishu Stadium,60000,Africa,Somalia,Mogadishu,https://upload.wikimedia.org/wikipedia/commons/thumb/e/e0/Mogadishustadium.jpg/150px-Mogadishustadium.jpg,['Somalia national football team'],2.067213,45.3351618
127,National Heroes Stadium,60000,Africa,Zambia,Lusaka,https://upload.wikimedia.org/wikipedia/commons/thumb/f/fe/Inauguration_of_Edgar_Lungu.jpg/150px-Inauguration_of_Edgar_Lungu.jpg,['Zambian national football team'],-15.3694878,28.2726254
128,Odi Stadium,60000,Africa,South Africa,Mabopane Gauteng,https://upload.wikimedia.org/wikipedia/commons/thumb/0/0a/No-image-available.png/480px-No-image-available.png,[],-25.5216085,28.0406754
129,Morodok Techo National Stadium,60000,Southeast Asia,Cambodia,Phnom Penh,https://upload.wikimedia.org/wikipedia/commons/thumb/6/6d/Morodok_Techo_National_Stadium.jpg/150px-Morodok_Techo_National_Stadium.jpg,['Cambodia national football team'],11.6828165,104.876189
130,Shenyang Olympic Sports Centre Stadium,60000,East Asia,China,Shenyang Liaoning,https://upload.wikimedia.org/wikipedia/commons/thumb/5/52/Shenyang_Olympic_Sports_Center_Stadium_drone_view_1.jpg/150px-Shenyang_Olympic_Sports_Center_Stadium_drone_view_1.jpg,[],41.74134,123.463598
131,Optus Stadium,60000,Oceania,Australia,Perth Western Australia,https://upload.wikimedia.org/wikipedia/commons/thumb/c/cb/Perth_Stadium_opening_210118_gnangarra-10.jpg/150px-Perth_Stadium_opening_210118_gnangarra-10.jpg,"['Perth Glory FC', 'Fremantle Dockers', 'West Coast Eagles']",-31.9511643,115.8890459
132,Estadio Monumental Isidro Romero Carbo,59283,South America,Ecuador,Guayaquil,https://upload.wikimedia.org/wikipedia/commons/thumb/3/30/Estadio_Monumental_de_Barcelona.jpg/150px-Estadio_Monumental_de_Barcelona.jpg,['Barcelona Sporting Club'],-2.1858844,-79.925253
133,Groupama Stadium,59186,Europe,France,DcinesCharpieu,https://upload.wikimedia.org/wikipedia/commons/thumb/c/c4/Stade_Lumi%C3%A8re.jpg/150px-Stade_Lumi%C3%A8re.jpg,['Olympique Lyonnais'],45.765295,4.982029
134,Chongqing Olympic Sports Centre Stadium,58680,East Asia,China,Chongqing,https://upload.wikimedia.org/wikipedia/commons/thumb/e/e1/Chongqing_Olympic_Stadium.jpg/150px-Chongqing_Olympic_Stadium.jpg,[],29.527919,106.504191
135,Stadion Narodowy,58580,Europe,Poland,Warsaw,https://upload.wikimedia.org/wikipedia/commons/thumb/7/76/National_Stadium_panorama.jpg/150px-National_Stadium_panorama.jpg,['Poland national football team'],52.2392555,21.0453352
136,Stadio San Nicola,58270,Europe,Italy,Bari Apulia,https://upload.wikimedia.org/wikipedia/commons/thumb/7/7f/Nuoviseggiolinisannicola.jpg/150px-Nuoviseggiolinisannicola.jpg,['SSC Bari'],41.0847298,16.8401352
137,Commanders Field,58000,North America,United States,Landover Maryland,https://upload.wikimedia.org/wikipedia/commons/thumb/7/78/FedexField2014.jpg/150px-FedexField2014.jpg,['Washington Commanders'],38.9081324,-76.8639884
138,Deutsche Bank Park,58000,Europe,Germany,Frankfurt,https://upload.wikimedia.org/wikipedia/commons/thumb/f/f4/Commerzbank-Arena_%28Haupttrib%C3%BCne%29.JPG/150px-Commerzbank-Arena_%28Haupttrib%C3%BCne%29.JPG,['Eintracht Frankfurt'],50.0685807,8.645472
139,Estadio La Cartuja de Sevilla,57619,Europe,Spain,Seville,https://upload.wikimedia.org/wikipedia/commons/thumb/7/7b/Panoramio_-_V%26A_Dudush_-_Estadio_Ol%C3%ADmpico_57_619.jpg/150px-Panoramio_-_V%26A_Dudush_-_Estadio_Ol%C3%ADmpico_57_619.jpg,[],37.4172008,-6.0041295
140,CarterFinley Stadium,57583,North America,United States,Raleigh North Carolina,https://upload.wikimedia.org/wikipedia/commons/thumb/2/2e/Carter_Finley_Stadium_at_Sunset.jpg/150px-Carter_Finley_Stadium_at_Sunset.jpg,['NC State Wolfpack football'],35.8008001,-78.7195655
141,Estadio Alberto J Armando,57200,South America,Argentina,Buenos Aires,https://upload.wikimedia.org/wikipedia/commons/thumb/9/99/La_Bombonera.jpg/150px-La_Bombonera.jpg,['CA Boca Juniors'],-34.6356109,-58.3647563
142,Volksparkstadion,57030,Europe,Germany,Hamburg,https://upload.wikimedia.org/wikipedia/commons/thumb/7/79/Volksparkstadion_Panorama.jpg/150px-Volksparkstadion_Panorama.jpg,['Hamburger SV'],53.5871607,9.8986354
143,Estadio Mario Alberto Kempes,57000,South America,Argentina,Crdoba,https://upload.wikimedia.org/wikipedia/commons/thumb/d/d9/Estadio_Kempes_luego_de_finalizar_un_partido.jpg/150px-Estadio_Kempes_luego_de_finalizar_un_partido.jpg,"['Talleres de Córdoba', 'Belgrano de Córdoba .']",-31.3689296,-64.2461532
144,Jinan Olympic Sports Centre Stadium,56808,East Asia,China,Jinan Shandong,https://upload.wikimedia.org/wikipedia/commons/thumb/1/1f/JinanOlympic.JPG/150px-JinanOlympic.JPG,['Shandong Taishan'],36.659045,117.1153
145,Estadio Jalisco,56713,North America,Mexico,Guadalajara Jalisco,https://upload.wikimedia.org/wikipedia/commons/thumb/8/82/Estadio_Jalisco_06022022.jpg/150px-Estadio_Jalisco_06022022.jpg,['Atlas'],20.7049947,-103.3281769
146,Commonwealth Stadium,56302,North America,Canada,Edmonton Alberta,https://upload.wikimedia.org/wikipedia/commons/thumb/f/f3/Commonwealth_Stadium.jpg/150px-Commonwealth_Stadium.jpg,"['Edmonton Elks', ""Canadian men's"", ""women's national teams""]",53.5597052,-113.4768787
147,Dodger Stadium,56000,North America,United States,Los Angeles,https://upload.wikimedia.org/wikipedia/commons/thumb/d/d2/Dodger_Stadium_field_from_upper_deck_2015-10-04.jpg/150px-Dodger_Stadium_field_from_upper_deck_2015-10-04.jpg,['Los Angeles Dodgers'],34.073851,-118.2399583
148,Stade du 19mai1956,56000,Africa,Algeria,Annaba,https://upload.wikimedia.org/wikipedia/commons/thumb/8/88/Annaba_Stadium.jpg/150px-Annaba_Stadium.jpg,['USM Annaba'],36.8858753,7.733116
149,Estadi Olmpic Llus Companys,55926,Europe,Spain,Barcelona Catalonia,https://upload.wikimedia.org/wikipedia/commons/thumb/f/ff/Estadi_Ol%C3%ADmpic_Llu%C3%ADs_Companys_-_Barcelona%2C_Spain_-_Jan_2007.jpg/150px-Estadi_Ol%C3%ADmpic_Llu%C3%ADs_Companys_-_Barcelona%2C_Spain_-_Jan_2007.jpg,[],41.3647848,2.1557648
150,Arena do Grmio,55662,South America,Brazil,Porto Alegre Rio Grande do Sul,https://upload.wikimedia.org/wikipedia/commons/thumb/a/a2/Arena_do_Gr%C3%AAmio.jpg/150px-Arena_do_Gr%C3%AAmio.jpg,['Grêmio FBPA'],-29.9739781,-51.1948118
151,Arena Naional,55634,Europe,Romania,Bucharest,https://upload.wikimedia.org/wikipedia/commons/thumb/1/1a/Stadionul_National_-_National_Arena_3.jpg/150px-Stadionul_National_-_National_Arena_3.jpg,['Romania national football team'],44.4372839,26.15254
152,Stadion Rajko Miti,55538,Europe,Serbia,Belgrade,https://upload.wikimedia.org/wikipedia/commons/thumb/7/70/Zvezda_stadion.jpg/150px-Zvezda_stadion.jpg,"['Red Star Belgrade', 'Serbia national football team']",44.7831187,20.4648201
153,Stadion lski,55211,Europe,Poland,Chorzw,https://upload.wikimedia.org/wikipedia/commons/thumb/c/c4/Widok_bramka.jpg/150px-Widok_bramka.jpg,"['Poland national football team', 'Ruch Chorzów']",50.2974884,18.9545728
154,Etihad Stadium,55097,Europe,England,Manchester North West England,https://upload.wikimedia.org/wikipedia/commons/thumb/b/b8/Etihad_Stadium.jpg/150px-Etihad_Stadium.jpg,['Manchester City'],53.4831634,-2.2003736
155,Mestalla,55000,Europe,Spain,Valencia,https://upload.wikimedia.org/wikipedia/commons/thumb/a/af/CAMP_DE_MESTALLA_GRADA_DE_LA_MAR_2014_%282%29.JPG/150px-CAMP_DE_MESTALLA_GRADA_DE_LA_MAR_2014_%282%29.JPG,['Valencia CF'],39.4716549,-0.3595372
156,National Stadium,55000,Southeast Asia,Singapore,Singapore,https://upload.wikimedia.org/wikipedia/commons/thumb/f/f5/SingaporeNationalStadiumJapanBrazilFootball.jpg/150px-SingaporeNationalStadiumJapanBrazilFootball.jpg,['Singapore national football team'],1.304013,103.8748426
157,National Stadium,55000,East Asia,Taiwan,Kaohsiung,https://upload.wikimedia.org/wikipedia/commons/thumb/5/5f/The_Main_Stadium_for_2009_World_Games_panorama.jpg/150px-The_Main_Stadium_for_2009_World_Games_panorama.jpg,['Chinese Taipei national football team'],22.7031213,120.2944653
158,He Long Stadium,55000,East Asia,China,Changsha Hunan,https://upload.wikimedia.org/wikipedia/commons/thumb/7/75/Helong_Stadium.jpg/150px-Helong_Stadium.jpg,[],28.178924,112.982043
159,Cape Town Stadium,55000,Africa,South Africa,Cape Town Western Cape,https://upload.wikimedia.org/wikipedia/commons/thumb/0/06/Cape_Town_Stadium_Inside.jpg/150px-Cape_Town_Stadium_Inside.jpg,"['Cape Town City FC', 'DHL Western Cape Stormers']",-33.9036497,18.4110775
160,Plovdiv Stadium,55000,Europe,Bulgaria,Plovdiv,https://upload.wikimedia.org/wikipedia/commons/thumb/0/0c/Plovdiv_Stadium.JPG/150px-Plovdiv_Stadium.JPG,[],42.1497263,24.7197798
161,Bobby Dodd Stadium,55000,North America,United States,Atlanta,https://upload.wikimedia.org/wikipedia/commons/thumb/a/a4/BDS2013.jpg/150px-BDS2013.jpg,['Georgia Tech Yellow Jackets football'],33.7725939,-84.3932535
162,Johan Cruijff Arena,54990,Europe,Netherlands,Amsterdam,https://upload.wikimedia.org/wikipedia/commons/thumb/7/73/Ajax_0_Chelsea_1_%2823Oct19%29.jpg/150px-Ajax_0_Chelsea_1_%2823Oct19%29.jpg,['AFC Ajax'],52.3143557,4.9418487
163,Tianhe Stadium,54856,East Asia,China,Guangzhou Guangdong,https://upload.wikimedia.org/wikipedia/commons/thumb/1/1f/Tianhe_Stadium.jpg/150px-Tianhe_Stadium.jpg,[],23.1380215,113.3246753
164,Stadio Diego Armando Maradona,54726,Europe,Italy,Naples,https://upload.wikimedia.org/wikipedia/commons/thumb/f/f0/Braciere_olimpico_XXX_Universiade_Napoli_2019.jpg/150px-Braciere_olimpico_XXX_Universiade_Napoli_2019.jpg,['SSC Napoli'],40.8279365,14.1930611
165,Tianjin Olympic Sports Centre Stadium,54696,East Asia,China,Tianjin,https://upload.wikimedia.org/wikipedia/commons/thumb/7/72/Tianjin_Olympic_Center_Stadium.jpg/150px-Tianjin_Olympic_Center_Stadium.jpg,['Tianjin Teda'],39.074351,117.175807
166,MERKUR SPIELARENA,54600,Europe,Germany,Dsseldorf,https://upload.wikimedia.org/wikipedia/commons/thumb/a/a7/LTU_arena_panorama.jpg/150px-LTU_arena_panorama.jpg,['Fortuna Düsseldorf'],51.2617881,6.7335671
167,Boris Paitchadze Dinamo Arena,54549,West Asia,Georgia,Tbilisi,https://upload.wikimedia.org/wikipedia/commons/thumb/3/38/Boris_Paichadze_Dinamo_Arena%2C_Samtredia_-_Qaraba%C4%9F.jpg/150px-Boris_Paichadze_Dinamo_Arena%2C_Samtredia_-_Qaraba%C4%9F.jpg,"['Georgia national football team', 'FC Dinamo Tbilisi']",41.7230129,44.7897691
168,Wuhan Sports Centre Stadium,54357,East Asia,China,Wuhan Hubei,https://upload.wikimedia.org/wikipedia/commons/thumb/6/6d/Wuhan_Sport_Centre_01.jpg/150px-Wuhan_Sport_Centre_01.jpg,[],30.50047,114.17194
169,BC Place Stadium,54320,North America,Canada,Vancouver British Columbia,https://upload.wikimedia.org/wikipedia/commons/thumb/f/ff/BC_Place_2015_Women%27s_FIFA_World_Cup.jpg/150px-BC_Place_2015_Women%27s_FIFA_World_Cup.jpg,"['Vancouver Whitecaps FC', 'BC Lions']",49.27675,-123.111999
170,Yankee Stadium,54251,North America,United States,New York City,https://upload.wikimedia.org/wikipedia/commons/thumb/5/5f/YankeeStadium-9-21-22-1.jpg/150px-YankeeStadium-9-21-22-1.jpg,"['New York Yankees', 'New York City FC']",40.8296426,-73.9261745
171,Hrazdan Stadium,54208,West Asia,Armenia,Yerevan,https://upload.wikimedia.org/wikipedia/commons/thumb/7/71/HrazdanArmeniaTurkey.JPG/150px-HrazdanArmeniaTurkey.JPG,"['FC Ararat Yerevan', 'Ulisses FC']",40.1804361,44.494873
172,BORUSSIAPARK,54057,Europe,Germany,Mnchengladbach,https://upload.wikimedia.org/wikipedia/commons/thumb/5/5d/Borussia-Park_DEU-FRA_2011.jpg/150px-Borussia-Park_DEU-FRA_2011.jpg,['Borussia Mönchengladbach'],51.1745698,6.3855055
173,Moses Mabhida Stadium,54000,Africa,South Africa,Durban KwaZuluNatal,https://upload.wikimedia.org/wikipedia/commons/thumb/9/9c/FIFA_World_Cup_2010_Netherlands_Japan.jpg/150px-FIFA_World_Cup_2010_Netherlands_Japan.jpg,"['AmaZulu FC', 'Cell C Durban Sharks']",-29.8290641,31.0304231
174,Busan Asiad Main Stadium,53864,East Asia,South Korea,Busan,https://upload.wikimedia.org/wikipedia/commons/thumb/7/73/BusanAsiadStadium.jpg/150px-BusanAsiadStadium.jpg,['Busan IPark'],35.1899786,129.0582686
175,Estdio Estadual Jornalista Edgar Augusto Proena,53645,South America,Brazil,Belm Par,https://upload.wikimedia.org/wikipedia/commons/thumb/6/6e/Mangueir%C3%A3o_em_2023.jpg/150px-Mangueir%C3%A3o_em_2023.jpg,"['Paysandu SC', 'Clube do Remo', 'Tuna Luso Brasileira', 'SC Belem']",-1.3811559,-48.443943
176,Estadio nico Diego Armando Maradona,53600,South America,Argentina,La Plata,https://upload.wikimedia.org/wikipedia/commons/thumb/8/88/EstadioUnicoLaPlata_Interior_June2014.jpg/150px-EstadioUnicoLaPlata_Interior_June2014.jpg,[],-34.9137939,-57.9891083
177,Adelaide Oval,53500,Oceania,Australia,Adelaide South Australia,https://upload.wikimedia.org/wikipedia/commons/thumb/a/a3/After_Game_Kick_and_Catch_%2813750115664%29.jpg/150px-After_Game_Kick_and_Catch_%2813750115664%29.jpg,"['Adelaide Crows', 'Port Adelaide Powers']",-34.9155163,138.5961146
178,Docklands Stadium,53359,Oceania,Australia,Melbourne Victoria,https://upload.wikimedia.org/wikipedia/commons/thumb/7/71/Melbourne_Derby_December_2014.jpg/150px-Melbourne_Derby_December_2014.jpg,"['Western Bulldogs', 'Essendon', 'St. Kilda', 'Carlton', 'North Melbourne']",-37.8165647,144.9475055
179,Estdio Municipal Joo Havelange,53350,South America,Brazil,Uberlndia Minas Gerais,https://upload.wikimedia.org/wikipedia/commons/thumb/2/2f/Est%C3%A1dio_Parque_do_Sabi%C3%A1.jpg/150px-Est%C3%A1dio_Parque_do_Sabi%C3%A1.jpg,['Uberlânia EC'],-18.9130624,-48.2330308
180,San Mams,53332,Europe,Spain,Bilbao,https://upload.wikimedia.org/wikipedia/commons/thumb/f/f8/San_Mames%2C_Bilbao%2C_Euskal_Herria_-_Basque_Country.jpg/150px-San_Mames%2C_Bilbao%2C_Euskal_Herria_-_Basque_Country.jpg,['Athletic Bilbao'],43.264376,-2.9480938
181,Aleppo International Stadium,53200,West Asia,Syria,Aleppo,https://upload.wikimedia.org/wikipedia/commons/thumb/b/be/Aleppo_International_Stadium%2C_day_view%2C_2009_%281%29.jpg/150px-Aleppo_International_Stadium%2C_day_view%2C_2009_%281%29.jpg,['Al-Ittihad'],36.1847796,37.1176851
182,Estadio Nacional,53086,South America,Peru,Lima,https://upload.wikimedia.org/wikipedia/commons/thumb/b/b8/Estadio_Nacional_nuevo_07_10_2011.jpg/150px-Estadio_Nacional_nuevo_07_10_2011.jpg,['Peru national football team'],-12.0672896,-77.0337292
183,Huanglong Stadium,52672,East Asia,China,Hangzhou Zhejiang,https://upload.wikimedia.org/wikipedia/commons/thumb/5/53/Hangzhou-yellow-dragon-stad.jpg/150px-Hangzhou-yellow-dragon-stad.jpg,['Hangzhou FC'],30.266082,120.133683
184,RAMS Park,52652,Europe,Turkey,Istanbul,https://upload.wikimedia.org/wikipedia/commons/thumb/d/d7/Galatasaray_Arena_North-West_Corner.jpg/150px-Galatasaray_Arena_North-West_Corner.jpg,['Galatasaray'],41.103203,28.991243
185,Suncorp Stadium,52500,Oceania,Australia,Brisbane Queensland,https://upload.wikimedia.org/wikipedia/commons/thumb/4/46/Suncorpstadium071006a.JPG/150px-Suncorpstadium071006a.JPG,"['Brisbane Broncos', 'Queensland Maroons', 'Brisbane Roar FC', 'Queensland Reds']",-27.464845,153.0095312
186,St James Park,52405,Europe,England,Newcastle upon Tyne North East,https://upload.wikimedia.org/wikipedia/commons/thumb/6/6e/StJamesParkPanorama.jpg/150px-StJamesParkPanorama.jpg,['Newcastle United'],54.9755502,-1.6216284
187,Kings Park Stadium,52000,Africa,South Africa,Durban KwaZuluNatal,https://upload.wikimedia.org/wikipedia/commons/thumb/b/bc/Kings_Park_panorama.jpg/150px-Kings_Park_panorama.jpg,"['Lamontville Golden Arrows', 'Cell C Durban Sharks']",-29.824851,31.0296335
188,Newlands Stadium,51900,Africa,South Africa,Cape Town Western Cape,https://upload.wikimedia.org/wikipedia/commons/thumb/4/48/Proudly_South_African.jpg/150px-Proudly_South_African.jpg,[],-33.9704881,18.4685329
189,Hampden Park,51866,Europe,Scotland,Glasgow,https://upload.wikimedia.org/wikipedia/commons/thumb/d/dc/Hampden_Park%2C_January_2023.jpg/150px-Hampden_Park%2C_January_2023.jpg,"['Scotland national football team', ""Queen's Park""]",55.8258685,-4.2519725
190,Estadio Monumental de Maturn,51796,South America,Venezuela,Maturn,https://upload.wikimedia.org/wikipedia/commons/thumb/8/8d/Monumental_de_maturin_3.jpg/150px-Monumental_de_maturin_3.jpg,['Monagas Sport Club'],9.7096582,-63.268226
191,Loftus Versfeld Stadium,51762,Africa,South Africa,Pretoria Gauteng,https://upload.wikimedia.org/wikipedia/commons/thumb/6/6c/Loftus_Versfeld_Game_Night.JPG/150px-Loftus_Versfeld_Game_Night.JPG,"['SuperSport United', 'Vodacom Pretoria Bulls']",-25.7533214,28.2229295
192,Aviva Stadium,51700,Europe,Ireland,Dublin,https://upload.wikimedia.org/wikipedia/commons/thumb/a/a1/Aviva_Stadium_Panoramic.jpg/150px-Aviva_Stadium_Panoramic.jpg,"['Leinster Rugby', 'Republic of Ireland national football team', 'Ireland national rugby union team']",53.3353301,-6.2283639
193,Guiyang Olympic Sports Centre Stadium,51638,East Asia,China,Guiyang Guizhou,https://upload.wikimedia.org/wikipedia/commons/thumb/c/c3/Guiyang_Olympic_Sports_Center.jpg/150px-Guiyang_Olympic_Sports_Center.jpg,[],26.619913,106.607619
194,Hohhot City Stadium,51632,East Asia,China,Hohhot Inner Mongolia,https://upload.wikimedia.org/wikipedia/commons/thumb/5/57/Hohhot_City_Stadium.jpg/150px-Hohhot_City_Stadium.jpg,[],40.852328,111.655899
195,Rajamangala National Stadium,51552,Southeast Asia,Thailand,Bangkok,https://upload.wikimedia.org/wikipedia/commons/thumb/0/06/Rajamangala_Stadium_Panorama.jpg/150px-Rajamangala_Stadium_Panorama.jpg,['Thailand national football team'],13.7555703,100.6212389
196,Donbass Arena,51504,Europe,Ukraine,Donetsk,https://upload.wikimedia.org/wikipedia/en/thumb/8/8c/Donbass_Arena.jpg/150px-Donbass_Arena.jpg,[],48.020661,37.8092521
197,Estadio Presidente Juan Domingo Pern,51389,South America,Argentina,Avellaneda,https://upload.wikimedia.org/wikipedia/commons/thumb/7/77/Panoramica_Cilindro.jpg/150px-Panoramica_Cilindro.jpg,['Racing Club de Avellaneda'],-34.6666461,-58.368945
198,zmir Atatrk Stadyumu,51295,West Asia,Turkey,zmir,https://upload.wikimedia.org/wikipedia/commons/thumb/e/ec/%C4%B0zmir_Atat%C3%BCrk_Stadyumu.jpg/150px-%C4%B0zmir_Atat%C3%BCrk_Stadyumu.jpg,"['Altay SK', 'Göztepe AŞ']",38.4349544,27.1779803
199,Stadion Feijenoord,51117,Europe,Netherlands,Rotterdam,https://upload.wikimedia.org/wikipedia/commons/thumb/8/89/Rotterdam_De_Kuip_1.jpg/150px-Rotterdam_De_Kuip_1.jpg,['Feyenoord'],51.8938655,4.5231901
200,Estadio BBVA,51000,North America,Mexico,Monterrey,https://upload.wikimedia.org/wikipedia/commons/thumb/f/f9/Estadio_BBVA.jpg/150px-Estadio_BBVA.jpg,['CF Monterrey'],25.6691181,-100.2445002
201,Ghadir Stadium,51000,West Asia,Iran,Ahvaz,https://upload.wikimedia.org/wikipedia/commons/thumb/5/5a/Al-Ghadeer_Stadium.jpg/150px-Al-Ghadeer_Stadium.jpg,['Foolad FC'],31.3841206,48.6360158
202,Estdio Jos Pinheiro Borda,50942,South America,Brazil,Porto Alegre Rio Grande do Sul,https://upload.wikimedia.org/wikipedia/commons/thumb/3/31/Beira-Rio-Stadium-Porto-Alegre-Brazil.jpg/150px-Beira-Rio-Stadium-Porto-Alegre-Brazil.jpg,['SC Internacional'],-30.0654496,-51.23586
203,Ibrox Stadium,50817,Europe,Scotland,Glasgow,https://upload.wikimedia.org/wikipedia/commons/thumb/4/41/Rangers-SM_%281%29.jpg/150px-Rangers-SM_%281%29.jpg,['Rangers FC'],55.853172,-4.3092686
204,Shizuoka Stadium,50889,East Asia,Japan,Fukuroi Shizuoka,https://upload.wikimedia.org/wikipedia/commons/thumb/d/d7/Ecopa030304.jpg/150px-Ecopa030304.jpg,"['Júbilo Iwata', 'Shimizu S-Pulse', 'Shizuoka Blue Revs']",34.7434502,137.9707642
205,ErnstHappelStadion,50865,Europe,Austria,Vienna,https://upload.wikimedia.org/wikipedia/commons/thumb/3/3c/EM_2008_Elfmeter_Kroatien_%C3%96sterreich.jpg/150px-EM_2008_Elfmeter_Kroatien_%C3%96sterreich.jpg,['Austria national football team'],48.2072078,16.4209847
206,Huntington Bank Stadium,50805,North America,United States,Minneapolis,https://upload.wikimedia.org/wikipedia/en/thumb/c/cf/MNUFCTCF.jpeg/150px-MNUFCTCF.jpeg,['Minnesota Golden Gophers football'],44.976525,-93.2245462
207,Estadio Cuauhtmoc,50754,North America,Mexico,Puebla,https://upload.wikimedia.org/wikipedia/commons/thumb/2/24/Rampa_norte.jpg/150px-Rampa_norte.jpg,['Puebla FC'],19.0778495,-98.1644104
208,Friends Arena,50653,Europe,Sweden,Solna,https://upload.wikimedia.org/wikipedia/commons/thumb/2/2b/FriendsArena_SwedenSpain.jpg/150px-FriendsArena_SwedenSpain.jpg,"['Sweden national football team', 'AIK Fotboll']",59.3726649,18.0005045
209,lker Stadyumu,50509,West Asia,Turkey,Istanbul,https://upload.wikimedia.org/wikipedia/commons/thumb/6/67/Sukrusaracoglu.jpg/150px-Sukrusaracoglu.jpg,['Fenerbahçe'],40.9876722,29.0368903
210,Stanford Stadium,50424,North America,United States,Palo Alto California,https://upload.wikimedia.org/wikipedia/commons/thumb/d/da/2008-1115-006-USC-Stanford-PAN.jpg/150px-2008-1115-006-USC-Stanford-PAN.jpg,[],37.4345298,-122.1611227
211,Stade PierreMauroy,50186,Europe,France,VilleneuvedAscq,https://upload.wikimedia.org/wikipedia/commons/thumb/9/90/Mauroy_Stadium_Eurobasket_2015.JPG/150px-Mauroy_Stadium_Eurobasket_2015.JPG,['Lille OSC'],50.6119172,3.1304739
212,Stade Roi Baudouin,50122,Europe,Belgium,Brussels,https://upload.wikimedia.org/wikipedia/commons/thumb/a/a4/Stade_Roi_Baudouin.JPG/150px-Stade_Roi_Baudouin.JPG,['Belgium national football team'],50.8957028,4.3340679
213,Shaanxi Province Stadium,50100,East Asia,China,Xian Shaanxi,https://upload.wikimedia.org/wikipedia/commons/thumb/0/0a/No-image-available.png/480px-No-image-available.png,[],34.232261,108.940771
214,Ajinomoto Stadium,50100,East Asia,Japan,Chofu Tokyo,https://upload.wikimedia.org/wikipedia/commons/thumb/5/5c/Ajinomoto_Stadium_2018-13.jpg/150px-Ajinomoto_Stadium_2018-13.jpg,"['FC Tokyo', 'Tokyo Verdy', 'Tokyo Sungoliath', 'Toshiba Brave Lupus Tokyo']",35.664058,139.5271742
215,Estdio Jos Alvalade,50095,Europe,Portugal,Lisbon,https://upload.wikimedia.org/wikipedia/commons/thumb/c/cc/Alvalade0023.jpg/150px-Alvalade0023.jpg,['Sporting CP'],38.7612216,-9.16179
216,Estdio do Drago,50033,Europe,Portugal,Porto,https://upload.wikimedia.org/wikipedia/commons/thumb/b/b8/Porto_Est%C3%A1dio_do_Drag%C3%A3o_2.jpg/150px-Porto_Est%C3%A1dio_do_Drag%C3%A3o_2.jpg,['FC Porto'],41.16177,-8.583591
217,Casa de Apostas Arena Fonte Nova,50025,South America,Brazil,Salvador Bahia,https://upload.wikimedia.org/wikipedia/commons/thumb/3/35/Arena_Fonte_Nova_External_View.jpg/150px-Arena_Fonte_Nova_External_View.jpg,['EC Bahia'],-12.97883,-38.5043711
218,Stade Olympique de Sousse,50000,Africa,Tunisia,Sousse,https://upload.wikimedia.org/wikipedia/commons/thumb/b/be/Stade_olympique_de_Sousse.jpg/150px-Stade_olympique_de_Sousse.jpg,['Étoile du Sahel'],35.8234869,10.612848
219,RheinEnergieSTADION,50000,Europe,Germany,Cologne,https://upload.wikimedia.org/wikipedia/commons/thumb/8/82/FIFA_WM06_Stadion_Koeln.jpg/150px-FIFA_WM06_Stadion_Koeln.jpg,['1. FC Köln'],50.9334609,6.8751545
220,Harbin Sports City Centre Stadium,50000,East Asia,China,Harbin Heilongjiang,https://upload.wikimedia.org/wikipedia/commons/thumb/0/0a/No-image-available.png/480px-No-image-available.png,[],45.7567307,126.6424173
221,Greenfield International Stadium,50000,South Asia,India,Trivandrum,https://upload.wikimedia.org/wikipedia/commons/thumb/3/35/Greenfield_International_Stadium_Kerala.jpg/150px-Greenfield_International_Stadium_Kerala.jpg,[],8.5715674,76.8843885
222,EMS Stadium,50000,South Asia,India,Kozhikode,https://upload.wikimedia.org/wikipedia/commons/thumb/1/1b/Kozhikode_EMS_Stadium.jpg/150px-Kozhikode_EMS_Stadium.jpg,"['India national football team', 'Gokulam Kerala FC']",11.2564518,75.7848954
223,KD Singh Babu Stadium,50000,South Asia,India,Lucknow,https://upload.wikimedia.org/wikipedia/commons/thumb/6/60/K_D_Singh_Babu_Stadium.jpg/150px-K_D_Singh_Babu_Stadium.jpg,[],26.8556591,80.9376905
224,Eden Park,50000,Oceania,New Zealand,Auckland,https://upload.wikimedia.org/wikipedia/commons/thumb/e/e6/Auckland_EdenPark.jpg/150px-Auckland_EdenPark.jpg,"['Auckland Blues', 'New Zealand Warriors']",-36.8749538,174.7447562
225,Estdio 11 de Novembro,50000,Africa,Angola,Luanda,https://upload.wikimedia.org/wikipedia/commons/thumb/6/6b/Football_stadium_%286178263468%29.jpg/150px-Football_stadium_%286178263468%29.jpg,"['Angola national football team', 'Primeiro de Agosto', 'Petro Luanda']",-8.9699969,13.2833034
226,Henan Provincial Stadium,50000,East Asia,China,Zhengzhou Henan,https://upload.wikimedia.org/wikipedia/commons/thumb/0/0a/No-image-available.png/480px-No-image-available.png,[],34.768223,113.6643187
227,Jiangxi Olympic Sports Center,50000,East Asia,China,Nanchang Jiangxi,https://upload.wikimedia.org/wikipedia/commons/thumb/0/0a/No-image-available.png/480px-No-image-available.png,[],28.673689,116.02899
228,MaxMorlockStadion,50000,Europe,Germany,Nuremberg,https://upload.wikimedia.org/wikipedia/commons/thumb/1/15/Frankenstadion_2.JPG/150px-Frankenstadion_2.JPG,['1. FC Nürnberg'],49.4262526,11.1257076
229,June 11 Stadium,50000,Africa,Libya,Tripoli,https://upload.wikimedia.org/wikipedia/commons/thumb/7/77/11_June_Stadium_BenTaher.jpg/150px-11_June_Stadium_BenTaher.jpg,"['Libya', 'Al-Ahly SC', 'Al-Ittihad Tripoli', 'Al-Madina SC']",32.860862,13.1353874
230,Xinjiang Sports Centre Stadium,50000,East Asia,China,Urumqi Xinjiang,https://upload.wikimedia.org/wikipedia/commons/thumb/0/0a/No-image-available.png/480px-No-image-available.png,[],43.880125,87.561102
231,Kim Ilsung Stadium,50000,East Asia,North Korea,Pyongyang,https://upload.wikimedia.org/wikipedia/commons/thumb/3/39/North_Korea_v_Philippines%2C_8_October_2015_F.png/150px-North_Korea_v_Philippines%2C_8_October_2015_F.png,['Pyongyang City Sports Club'],39.0438197,125.7577445
232,EDION Stadium Hiroshima,50000,East Asia,Japan,Hiroshima,https://upload.wikimedia.org/wikipedia/commons/thumb/3/3e/Big_Arch_Stadium_Panorama.jpg/150px-Big_Arch_Stadium_Panorama.jpg,['Sanfrecce Hiroshima'],34.4407476,132.3943687
233,Pars Shiraz Stadium,50000,West Asia,Iran,Shiraz,https://upload.wikimedia.org/wikipedia/commons/thumb/b/be/Pars_Stadium_Photos_Image_6.jpg/150px-Pars_Stadium_Photos_Image_6.jpg,['Fajr Sepasi Shiraz FC'],29.5650292,52.4914944
234,Stade du 26 mars,50000,Africa,Mali,Bamako,https://upload.wikimedia.org/wikipedia/commons/thumb/1/10/Stade_du_26-mars.png/150px-Stade_du_26-mars.png,['Stade Malien'],12.6043064,-7.9219251
235,Stade Abdoulaye Wade,50000,Africa,Senegal,Dakar,https://upload.wikimedia.org/wikipedia/commons/thumb/0/0a/No-image-available.png/480px-No-image-available.png,['Senegal national football team'],14.732484,-17.2008415
236,Sultan Mizan Zainal Abidin Stadium,50000,Southeast Asia,Malaysia,Kuala Terengganu,https://upload.wikimedia.org/wikipedia/commons/thumb/0/00/Sultan_Mizan_Zainal_Abidin_Stadium_%28Night%29_2021.jpg/150px-Sultan_Mizan_Zainal_Abidin_Stadium_%28Night%29_2021.jpg,['Terengganu FA'],5.3697966,103.1055655
237,Estadio Akron,49850,North America,Mexico,Guadalajara,https://upload.wikimedia.org/wikipedia/commons/thumb/f/f1/Omnilife_Stadium.png/150px-Omnilife_Stadium.png,['C.D. Guadalajara'],20.6817764,-103.4626455
238,Levy Mwanawasa Stadium,49800,Africa,Zambia,Lusaka,https://upload.wikimedia.org/wikipedia/commons/thumb/0/0a/No-image-available.png/480px-No-image-available.png,['Zesco United'],-15.4154677,28.2773267
239,FritzWalterStadion,49780,Europe,Germany,Kaiserslautern,https://upload.wikimedia.org/wikipedia/commons/thumb/1/18/Kaiserslautern_18.JPG/150px-Kaiserslautern_18.JPG,['1. FC Kaiserslautern'],49.4341714,7.7768069
240,Estadio Jos Amalfitani,49540,South America,Argentina,Buenos Aires,https://upload.wikimedia.org/wikipedia/commons/thumb/3/33/Argentina_A_vs_Inglaterra_A_02.JPG/150px-Argentina_A_vs_Inglaterra_A_02.JPG,['CA Vélez Sársfield'],-34.635406,-58.5206968
241,Camille Chamoun Sports City Stadium,49500,West Asia,Lebanon,Beirut,https://upload.wikimedia.org/wikipedia/commons/thumb/a/a8/Camille_Chamoun_Sports_City_Stadium_2018_-_Beirut_derby_%28Nejmeh_fans%29.png/150px-Camille_Chamoun_Sports_City_Stadium_2018_-_Beirut_derby_%28Nejmeh_fans%29.png,"['Lebanon national football team', 'Al Ahed FC', 'Al Ansar FC', 'Nejmeh SC']",33.8670115,35.496098
242,Miyagi Stadium,49133,East Asia,Japan,Rifu Miyagi,https://upload.wikimedia.org/wikipedia/commons/thumb/9/9b/MiyagiStadiumTrackField.jpg/150px-MiyagiStadiumTrackField.jpg,['Vegalta Sendai'],38.3354303,140.9505668
243,Incheon Munhak Stadium,49084,East Asia,South Korea,Incheon,https://upload.wikimedia.org/wikipedia/commons/thumb/d/df/Munhak_Stadium_Corner.jpg/150px-Munhak_Stadium_Corner.jpg,[],37.4350619,126.6907212
244,HeinzvonHeidenArena,49000,Europe,Germany,Hanover,https://upload.wikimedia.org/wikipedia/commons/thumb/9/9e/HDI_Arena%2C_WM_Stadion_2006.jpg/150px-HDI_Arena%2C_WM_Stadion_2006.jpg,['Hannover 96'],52.360017,9.731225
245,Parc des Princes,48712,Europe,France,Paris,https://upload.wikimedia.org/wikipedia/commons/thumb/8/89/PSG-Nantes_Parc_des_Princes_05.jpg/150px-PSG-Nantes_Parc_des_Princes_05.jpg,['Paris Saint-Germain'],48.8414356,2.2530484
246,Stadium of Light,48707,Europe,England,Sunderland Tyne and Wear,https://upload.wikimedia.org/wikipedia/commons/thumb/7/7d/Stadium_of_Light%2C_Sunderland_afc.jpg/150px-Stadium_of_Light%2C_Sunderland_afc.jpg,['Sunderland AFC'],54.914561,-1.388371
247,Estadio Nacional,48665,South America,Chile,Santiago,https://upload.wikimedia.org/wikipedia/commons/thumb/1/15/Adios_Matador.jpg/150px-Adios_Matador.jpg,"['Chile national football team', 'CF Universidad de Chile']",-33.4646356,-70.6106698
248,Nelson Mandela Bay Stadium,48459,Africa,South Africa,Port Elizabeth Eastern Cape,https://upload.wikimedia.org/wikipedia/commons/thumb/9/9b/Nelson_Mandela_Stadium_in_Port_Elizabeth_%28cropped%29.jpg/150px-Nelson_Mandela_Stadium_in_Port_Elizabeth_%28cropped%29.jpg,['Chippa United FC'],-33.9378928,25.5992306
249,Estadio Toms Adolfo Duc,48314,South America,Argentina,Buenos Aires,https://upload.wikimedia.org/wikipedia/commons/thumb/3/3c/Estadio_huracan_interior_tribuna_gcba.jpg/150px-Estadio_huracan_interior_tribuna_gcba.jpg,['CA Huracán'],-34.6428277,-58.3965507
250,Jinnah Sports Stadium,48200,South Asia,Pakistan,Islamabad,https://upload.wikimedia.org/wikipedia/commons/thumb/1/12/Jinnah_Sports_Stadium_track_and_field.jpg/150px-Jinnah_Sports_Stadium_track_and_field.jpg,['Pakistan national football team'],33.7004331,73.0928118
251,Estadio Libertadores de Amrica,48069,South America,Argentina,Avellaneda,https://upload.wikimedia.org/wikipedia/commons/thumb/b/b3/Estadio_Libertadores_de_America_2014.JPG/150px-Estadio_Libertadores_de_America_2014.JPG,['Club Atlético Independiente'],-34.6702197,-58.3713407
252,Free State Stadium,48000,Africa,South Africa,Bloemfontein Free State,https://upload.wikimedia.org/wikipedia/commons/thumb/9/9e/Free_State_Stadium1.jpg/150px-Free_State_Stadium1.jpg,"['Bloemfontein Celtic', 'Toyota Cheetahs']",-29.1173278,26.2087883
253,Nagai Stadium,47816,East Asia,Japan,Osaka,https://upload.wikimedia.org/wikipedia/commons/thumb/3/3e/Nagai_stadium20040717.jpg/150px-Nagai_stadium20040717.jpg,"['Cerezo Osaka', 'NTT DoCoMo Red Hurricanes Osaka']",34.611305,135.5186591
254,Neo Qumica Arena,47605,South America,Brazil,So Paulo So Paulo,https://upload.wikimedia.org/wikipedia/commons/thumb/6/64/Corinthians_x_Gr%C3%AAmio_-_Brasileir%C3%A3o_2016.jpg/150px-Corinthians_x_Gr%C3%AAmio_-_Brasileir%C3%A3o_2016.jpg,['Corinthians'],-23.5453134,-46.4742292
255,Rogers Centre,47568,North America,Canada,Toronto Ontario,https://upload.wikimedia.org/wikipedia/commons/thumb/7/79/Toronto_-_ON_-_Rogers_Centre2.jpg/150px-Toronto_-_ON_-_Rogers_Centre2.jpg,"['Toronto FC', 'Toronto Argonauts']",43.6415758,-79.3894282
256,Estadio Monumental,47347,South America,Chile,Santiago,https://upload.wikimedia.org/wikipedia/commons/thumb/0/0e/Estadio_Monumental_2009.jpg/150px-Estadio_Monumental_2009.jpg,['Colo-Colo'],-33.5065938,-70.6059776
257,Stadio Artemio Franchi,47282,Europe,Italy,Florence,https://upload.wikimedia.org/wikipedia/commons/thumb/a/aa/Soccer_in_Florence%2C_Italy%2C_2007.jpg/150px-Soccer_in_Florence%2C_Italy%2C_2007.jpg,['ACF Fiorentina'],43.7815577,11.2831361
258,Estadio Ciudad de Lans  Nstor Daz Prez,47027,South America,Argentina,Lans,https://upload.wikimedia.org/wikipedia/commons/thumb/1/1e/Editat%C3%B3n_Club_Lan%C3%BAs_-_Instalaciones_%288%29.JPG/150px-Editat%C3%B3n_Club_Lan%C3%BAs_-_Instalaciones_%288%29.JPG,['CA Lanús'],-34.7172622,-58.3843612
259,Estadio Metropolitano Roberto Melndez,46788,South America,Colombia,Barranquilla,https://upload.wikimedia.org/wikipedia/commons/thumb/b/b0/Estadio_Metropolitano_de_Baranquilla_2011.jpg/150px-Estadio_Metropolitano_de_Baranquilla_2011.jpg,"['Colombia national football team', 'Atlético Junior']",10.9269606,-74.8005364
260,Estdio Olmpico Nilton Santos,46831,South America,Brazil,Rio de Janeiro Rio de Janeiro,https://upload.wikimedia.org/wikipedia/commons/thumb/a/a8/Est%C3%A1dio_Municipal_Jo%C3%A3o_Havelange_14072007.jpg/150px-Est%C3%A1dio_Municipal_Jo%C3%A3o_Havelange_14072007.jpg,['Botafogo FR'],-22.8932749,-43.2923128
261,Itaipava Arena Pernambuco,46154,South America,Brazil,So Loureno da Mata Pernambuco,https://upload.wikimedia.org/wikipedia/commons/thumb/6/62/Panorama_of_Arena_Pernambuco.jpg/150px-Panorama_of_Arena_Pernambuco.jpg,['Náutico'],-8.0406625,-35.0081868
262,Arena MRV,46000,South America,Brazil,Belo Horizonte Minas Gerais,https://upload.wikimedia.org/wikipedia/commons/thumb/5/54/Arena_MRV_em_obras_vista_da_Via_Expressa_%28dezembro_de_2022%29.jpg/150px-Arena_MRV_em_obras_vista_da_Via_Expressa_%28dezembro_de_2022%29.jpg,['C Atlético Mineiro'],-19.9300061,-44.0138902
263,Estdio Paulo Constantino,45954,South America,Brazil,Presidente Prudente So Paulo,https://upload.wikimedia.org/wikipedia/commons/thumb/c/c0/Derby_Paulista_%28Corinthians-Palmeiras%29_Paulist%C3%A3o_2009.jpg/150px-Derby_Paulista_%28Corinthians-Palmeiras%29_Paulist%C3%A3o_2009.jpg,['Grêmio Prudente'],-22.0985498,-51.4148828
264,Estadio Atanasio Girardot,45739,South America,Colombia,Medelln,https://upload.wikimedia.org/wikipedia/commons/thumb/4/4a/Atanasio_Girardot_Stadium.jpg/150px-Atanasio_Girardot_Stadium.jpg,"['Atlético Nacional', 'Independiente Medellín']",6.2573129,-75.5893973
265,Estadio Ramn Snchez Pizjun,45500,Europe,Spain,Seville,https://upload.wikimedia.org/wikipedia/commons/thumb/1/17/Sevilla2-1Lega20182.jpg/150px-Sevilla2-1Lega20182.jpg,['Sevilla FC'],37.3840863,-5.9709778
266,Adrar Stadium,45480,Africa,Morocco,Agadir,https://upload.wikimedia.org/wikipedia/commons/thumb/5/51/Stade-Adrar2019.png/150px-Stade-Adrar2019.png,['Hassania Agadir'],30.427483,-9.54025
267,Lukoil Arena,45360,Europe,Russia,Moscow,https://upload.wikimedia.org/wikipedia/commons/thumb/6/62/Match_veteranov_Spartaka_%2813%29.jpg/150px-Match_veteranov_Spartaka_%2813%29.jpg,['Spartak Moscow'],55.817711,37.440214
268,Grand stade de Marrakech,45240,Africa,Morocco,Marrakesh,https://upload.wikimedia.org/wikipedia/commons/thumb/0/0d/Stade_de_marrakech.jpg/150px-Stade_de_marrakech.jpg,['Kawkab Marrakech'],31.706055,-7.9808083
269,Mandela National Stadium,45202,Africa,Uganda,Kampala,https://upload.wikimedia.org/wikipedia/commons/thumb/3/3c/Mandela_National_Stadium%2C_Uganda.JPG/150px-Mandela_National_Stadium%2C_Uganda.JPG,['Uganda national football team'],0.3470744,32.6593519
270,Tarczyski Arena Wrocaw,45105,Europe,Poland,Wrocaw,https://upload.wikimedia.org/wikipedia/commons/thumb/a/a3/Wroc%C5%82aw_Municipal_Stadium_-_Euro_2012_%28panorama%29.jpg/150px-Wroc%C5%82aw_Municipal_Stadium_-_Euro_2012_%28panorama%29.jpg,['Śląsk Wrocław'],51.1409589,16.9422782
271,Kazan Arena,45105,Europe,Russia,Kazan,https://upload.wikimedia.org/wikipedia/commons/thumb/5/56/Poland_v._Colombia_%2842095441565%29.jpg/150px-Poland_v._Colombia_%2842095441565%29.jpg,['Rubin Kazan'],55.821002,49.1608481
272,Estadio Inca Garcilaso de la Vega,45056,South America,Peru,Cusco,https://upload.wikimedia.org/wikipedia/commons/thumb/1/10/Estadio_garcilaso_cienciano.jpg/150px-Estadio_garcilaso_cienciano.jpg,"['CS Cienciano', 'Deportivo Garcilaso', 'Cusco FC']",-13.5252114,-71.9664377
273,Estdio da Machava,45000,Africa,Mozambique,Maputo,https://upload.wikimedia.org/wikipedia/commons/thumb/0/0a/No-image-available.png/480px-No-image-available.png,['Mozambique national football team'],-25.9172382,32.5263304
274,Stadion Gelora Bung Tomo,45000,Southeast Asia,Indonesia,Surabaya East Java,https://upload.wikimedia.org/wikipedia/commons/thumb/0/0a/No-image-available.png/480px-No-image-available.png,['Persebaya Surabaya'],-7.2231649,112.6227852
275,Stadion Harapan Banga,45000,Southeast Asia,Indonesia,Banda Aceh Aceh,https://upload.wikimedia.org/wikipedia/commons/thumb/0/0a/No-image-available.png/480px-No-image-available.png,"['Persiraja', 'Aceh United']",5.5226087,95.3237899
276,Estadio General Pablo Rojas,45000,South America,Paraguay,Asuncin,https://upload.wikimedia.org/wikipedia/commons/thumb/c/c4/Estadio_General_Pablo_Rojas.jpg/150px-Estadio_General_Pablo_Rojas.jpg,['Club Cerro Porteño'],-25.2998906,-57.6374103
277,Stade Mohammed V,45000,Africa,Morocco,Casablanca,https://upload.wikimedia.org/wikipedia/commons/thumb/7/70/Stade_Mohamed_V%2C_Casablanca.jpg/150px-Stade_Mohamed_V%2C_Casablanca.jpg,"['Wydad', 'Raja']",33.5829258,-7.6471526
278,Latakia Sports City Stadium,45000,West Asia,Syria,Latakia,https://upload.wikimedia.org/wikipedia/commons/thumb/0/0a/No-image-available.png/480px-No-image-available.png,[],35.5605456,35.7446599
279,Zibo Sports Centre Stadium,45000,East Asia,China,Zibo Shandong,https://upload.wikimedia.org/wikipedia/commons/thumb/0/0a/No-image-available.png/480px-No-image-available.png,[],36.8137025,117.9929318
280,Weifang Sports Centre Stadium,45000,East Asia,China,Weifang Shandong,https://upload.wikimedia.org/wikipedia/commons/thumb/0/0a/No-image-available.png/480px-No-image-available.png,[],36.717514,119.128734
281,Yantai Sports Park Stadium,45000,East Asia,China,Yantai Shandong,https://upload.wikimedia.org/wikipedia/commons/thumb/0/0a/No-image-available.png/480px-No-image-available.png,[],37.4680918,121.4591871
282,Stadium Tuanku Abdul Rahman,45000,Southeast Asia,Malaysia,Seremban,https://upload.wikimedia.org/wikipedia/commons/thumb/f/f5/Stadium_Tuanku_Abdul_Rahman%2C_Paroi.jpg/150px-Stadium_Tuanku_Abdul_Rahman%2C_Paroi.jpg,"['ATM FA', 'Negeri Sembilan']",2.726602,101.9798899
283,Stade du Complexe sportif de Fs,45000,Africa,Morocco,Fes,https://upload.wikimedia.org/wikipedia/commons/thumb/1/1c/Complexe_sportif_de_F%C3%A8s.jpg/150px-Complexe_sportif_de_F%C3%A8s.jpg,"['Wydad de Fès', 'Maghreb de Fès']",34.0522882,-5.0045952
284,Lagos National Stadium,45000,Africa,Nigeria,Lagos,https://upload.wikimedia.org/wikipedia/commons/thumb/0/0a/No-image-available.png/480px-No-image-available.png,['Nigeria national football team'],6.5243793,3.3792057
285,Egyptian Army Stadium,45000,Africa,Egypt,Suez,https://upload.wikimedia.org/wikipedia/commons/thumb/0/0a/No-image-available.png/480px-No-image-available.png,[],29.9577604,32.5412893
286,Toyota Stadium,45000,East Asia,Japan,Toyota City Aichi,https://upload.wikimedia.org/wikipedia/commons/thumb/5/58/JPNxGEO20180623_%283%29.jpg/150px-JPNxGEO20180623_%283%29.jpg,"['Nagoya Grampus', 'Toyota Verblitz']",35.0844793,137.1709193
287,Zayed Sports City Stadium,45000,West Asia,United Arab Emirates,Abu Dhabi,https://upload.wikimedia.org/wikipedia/commons/thumb/a/a7/Abu_Dhabi_Zayed_Sports_City_Stadium_2.jpg/150px-Abu_Dhabi_Zayed_Sports_City_Stadium_2.jpg,[],24.415811,54.4543442
288,Red Bull Arena,44345,Europe,Germany,Leipzig,https://upload.wikimedia.org/wikipedia/commons/thumb/c/ca/Leipzig_stadium.jpg/150px-Leipzig_stadium.jpg,['RB Leipzig'],51.3457824,12.3482689
289,Estdio Governador Alberto Tavares Silva,44200,South America,Brazil,Teresina,https://upload.wikimedia.org/wikipedia/commons/thumb/9/96/Est%C3%A1dio_Governador_Alberto_Tavares_Silva.jpg/150px-Est%C3%A1dio_Governador_Alberto_Tavares_Silva.jpg,"['River AC', 'EC Flamengo', 'Piauí EC', 'SE Tiradentes', 'Auto EC']",-5.1163546,-42.7931291
290,Estdio Universitrio Pedro Pedrossian,44200,South America,Brazil,Campo Grande Mato Grosso do Sul,https://upload.wikimedia.org/wikipedia/commons/thumb/f/fa/0253l.jpg/150px-0253l.jpg,"['EC Comercial', 'Operário FC']",-20.5019956,-54.6100501
291,Ulsan Munsu Football Stadium,44102,East Asia,South Korea,Ulsan,https://upload.wikimedia.org/wikipedia/commons/thumb/b/b2/Munsu_20121110_204310_5.jpg/150px-Munsu_20121110_204310_5.jpg,['Ulsan HD FC'],35.5352422,129.2595839
292,Arena Pantanal,44097,South America,Brazil,Cuiab Mato Grosso,https://upload.wikimedia.org/wikipedia/commons/thumb/1/1c/Arena_Pantanal.jpg/150px-Arena_Pantanal.jpg,"['Cuiabá', 'Mixto EC']",-15.6040194,-56.1216245
293,Arena da Amaznia,44000,South America,Brazil,Manaus Amazonas,https://upload.wikimedia.org/wikipedia/commons/thumb/4/43/Arena_Amaz%C3%B4nia_Manaus.jpg/150px-Arena_Amaz%C3%B4nia_Manaus.jpg,['Nacional FC'],-3.0832457,-60.0281392
294,Suwon World Cup Stadium,43959,East Asia,South Korea,Suwon,https://upload.wikimedia.org/wikipedia/commons/thumb/2/2e/20121003_Suwon_vs_Seoul.jpg/150px-20121003_Suwon_vs_Seoul.jpg,['Suwon Samsung Bluewings'],37.2864742,127.036866
295,Stadion Utama Riau,43923,Southeast Asia,Indonesia,Pekanbaru Riau,https://upload.wikimedia.org/wikipedia/commons/thumb/4/4b/Riau_Main_Stadium_%28cropped%29.JPG/150px-Riau_Main_Stadium_%28cropped%29.JPG,['PSPS Pekanbaru'],0.4836669,101.3895154
296,Allianz Parque,43713,South America,Brazil,So Paulo So Paulo,https://upload.wikimedia.org/wikipedia/commons/thumb/9/95/Imagens_da_Cidade_de_S%C3%A3o_Paulo_e_Zool%C3%B3gico_da_Capital_Paulista._%2847480340301%29.jpg/150px-Imagens_da_Cidade_de_S%C3%A3o_Paulo_e_Zool%C3%B3gico_da_Capital_Paulista._%2847480340301%29.jpg,['SE Palmeiras'],-23.5276207,-46.6784662
297,Shandong Provincial Stadium,43700,East Asia,China,Jinan Shandong,https://upload.wikimedia.org/wikipedia/commons/thumb/4/49/SHANGDONGSPORTS.jpg/150px-SHANGDONGSPORTS.jpg,[],36.6471197,117.0085871
298,Polsat Plus Arena Gdask,43615,Europe,Poland,Gdask,https://upload.wikimedia.org/wikipedia/commons/thumb/1/17/Gda%C5%84sk%2C_Stadion_PGE_Arena_-_fotopolska.eu_%28326975%29.jpg/150px-Gda%C5%84sk%2C_Stadion_PGE_Arena_-_fotopolska.eu_%28326975%29.jpg,['Lechia Gdańsk'],54.3899458,18.6403027
299,Estadio Pedro Bidegain,43494,South America,Argentina,Buenos Aires,https://upload.wikimedia.org/wikipedia/commons/thumb/1/10/Platea_Este_Nuevo_Gasometro_1.jpg/150px-Platea_Este_Nuevo_Gasometro_1.jpg,['CA San Lorenzo de Almagro'],-34.6520743,-58.4401202
300,Stadion Miejski w Poznaniu,43269,Europe,Poland,Pozna,https://upload.wikimedia.org/wikipedia/commons/thumb/c/c0/Stadion_Miejski_w_Poznaniu_2013_panorama.jpg/150px-Stadion_Miejski_w_Poznaniu_2013_panorama.jpg,"['Lech Poznań', 'Warta Poznań']",52.3977061,16.8580903
301,Vasil Levski National Stadium,43230,Europe,Bulgaria,Sofia,https://upload.wikimedia.org/wikipedia/commons/thumb/9/93/Vasil_Levski_National_Stadium_2022.jpg/150px-Vasil_Levski_National_Stadium_2022.jpg,['Bulgaria national football team'],42.6882036,23.3345562
302,Estadio Universidad San Marcos,43000,South America,Peru,Lima,https://upload.wikimedia.org/wikipedia/commons/thumb/0/06/Vista_estadios_san_marcos.jpg/150px-Vista_estadios_san_marcos.jpg,['Deportivo Universidad San Marcos'],-12.0574224,-77.0832648
303,Ullevi,43000,Europe,Sweden,Gothenburg,https://upload.wikimedia.org/wikipedia/commons/thumb/8/8d/Ullevi_stadium%2C_23_june_2018.png/150px-Ullevi_stadium%2C_23_june_2018.png,"[""Sweden women's national football team""]",57.7059713,11.987299
304,Jinzhou Binhai Sports Centre Stadium,43000,East Asia,China,Jinzhou,https://upload.wikimedia.org/wikipedia/commons/thumb/0/0a/No-image-available.png/480px-No-image-available.png,[],40.871407,121.07158
305,Estadio General Santander,42901,South America,Colombia,Ccuta,https://upload.wikimedia.org/wikipedia/commons/thumb/4/46/Cucuta704.jpg/150px-Cucuta704.jpg,['Cúcuta Deportivo'],7.8947296,-72.5019955
306,Villa Park,42682,Europe,England,Birmingham West Midlands,https://upload.wikimedia.org/wikipedia/commons/thumb/a/a1/Villa_Stadion_panorama_2016.jpg/150px-Villa_Stadion_panorama_2016.jpg,['Aston Villa'],52.5091117,-1.8847828
307,Perak Stadium,42500,Southeast Asia,Malaysia,Perak,https://upload.wikimedia.org/wikipedia/commons/thumb/d/dc/Perak_Stadium.JPG/150px-Perak_Stadium.JPG,['Perak FA'],4.6093372,101.1036154
308,Jeonju World Cup Stadium,42477,East Asia,South Korea,Jeonju,https://upload.wikimedia.org/wikipedia/commons/thumb/7/72/%EC%A0%84%EC%A3%BC%EC%9B%94%EB%93%9C%EC%BB%B5%EA%B2%BD%EA%B8%B0%EC%9E%A5.jpg/150px-%EC%A0%84%EC%A3%BC%EC%9B%94%EB%93%9C%EC%BB%B5%EA%B2%BD%EA%B8%B0%EC%9E%A5.jpg,['Jeonbuk Hyundai Motors FC'],35.8681258,127.0644156
309,Ligga Arena,42372,South America,Brazil,Curitiba Paran,https://upload.wikimedia.org/wikipedia/commons/thumb/2/20/Arenadabaixada2.jpg/150px-Arenadabaixada2.jpg,['Athletico Paranaense'],-25.4482116,-49.2769866
310,Weserstadion,42358,Europe,Germany,Bremen,https://upload.wikimedia.org/wikipedia/commons/thumb/a/a6/Weserstadion_panorama.JPG/150px-Weserstadion_panorama.JPG,['SV Werder Bremen'],53.0668032,8.8379295
311,Denka Big Swan Stadium,42300,East Asia,Japan,Niigata Niigata,https://upload.wikimedia.org/wikipedia/commons/thumb/f/ff/Bigswan080628.JPG/150px-Bigswan080628.JPG,['Albirex Niigata'],37.8825487,139.0591643
312,Estadio Olimpico Metropolitano de Mrida,42200,South America,Venezuela,Mrida,https://upload.wikimedia.org/wikipedia/commons/thumb/1/1f/Metropolitanodemeridacopamerica.jpg/150px-Metropolitanodemeridacopamerica.jpg,['Estudiantes de Mérida'],8.5560713,-71.2179724
313,Daejeon World Cup Stadium,42176,East Asia,South Korea,Daejeon,https://upload.wikimedia.org/wikipedia/commons/thumb/7/76/Daejeon_World_Cup_Stadium.JPG/150px-Daejeon_World_Cup_Stadium.JPG,['Daejeon Citizen'],36.3652954,127.324859
314,Matmut ATLANTIQUE,42115,Europe,France,Bordeaux,https://upload.wikimedia.org/wikipedia/commons/thumb/7/7f/500px_photo_%28165733217%29.jpeg/150px-500px_photo_%28165733217%29.jpeg,['FC Girondins de Bordeaux'],44.8973583,-0.5615863
315,Helsingin Olympiastadion,42062,Europe,Finland,Helsinki,https://upload.wikimedia.org/wikipedia/commons/thumb/b/b3/Olympiastadion_2_2020-08-12.jpg/150px-Olympiastadion_2_2020-08-12.jpg,['Finland national football team'],60.1871642,24.9267778
316,Estdio Serra Dourada,42000,South America,Brazil,Goinia Gois,https://upload.wikimedia.org/wikipedia/commons/thumb/5/5f/Serra_Dourada_Lotado.jpg/150px-Serra_Dourada_Lotado.jpg,"['Goiás Esporte Clube', 'Vila Nova', 'Atlético Goianiense']",-16.6990618,-49.2341521
317,Estadio Deportivo Cali,42000,South America,Colombia,Cali,https://upload.wikimedia.org/wikipedia/commons/thumb/9/9b/SportingCali12.png/150px-SportingCali12.png,['Deportivo Cali'],3.5223111,-76.4163954
318,Estadio Modelo Alberto Spencer,42000,South America,Ecuador,Guayaquil,https://upload.wikimedia.org/wikipedia/commons/thumb/b/bf/Estadio_Modelo_Lleno_2007_-_panoramio.jpg/150px-Estadio_Modelo_Lleno_2007_-_panoramio.jpg,"['Club Sport Patria', 'Club Deportivo Everest', 'Panamá Sporting Club', 'Rocafuerte Fútbol Club']",-2.1788249,-79.8944005
319,Estdio do Zimpeto,42000,Africa,Mozambique,Maputo,https://upload.wikimedia.org/wikipedia/commons/thumb/0/0a/No-image-available.png/480px-No-image-available.png,['Mozambique national football team'],-25.8280932,32.5750208
320,Chengdu Sports Centre Stadium,42000,East Asia,China,Chengdu Sichuan,https://upload.wikimedia.org/wikipedia/commons/thumb/0/02/Chengdu_Sports_Center.JPG/150px-Chengdu_Sports_Center.JPG,[],30.6634356,104.0673013
321,Royal Bafokeng Stadium,42000,Africa,South Africa,Phokeng North West,https://upload.wikimedia.org/wikipedia/commons/thumb/6/67/Royal_Bafokeng_Stadium%2C_Phokeng.jpg/150px-Royal_Bafokeng_Stadium%2C_Phokeng.jpg,[],-25.5786704,27.1608635
322,Estadio Universitario,42000,North America,Mexico,San Nicols de los Garza,https://upload.wikimedia.org/wikipedia/commons/thumb/0/07/Estadio_Universitario_Concachampions.jpg/150px-Estadio_Universitario_Concachampions.jpg,['Tigres de la UANL'],25.7225806,-100.312522
323,Estadio Brigadier General Estanislao Lpez,42000,South America,Argentina,Santa Fe,https://upload.wikimedia.org/wikipedia/commons/thumb/5/59/Estadio_Brigadier_General_Estanislao_L%C3%B3pez_-_Col%C3%B3n_de_Santa_Fe.jpg/150px-Estadio_Brigadier_General_Estanislao_L%C3%B3pez_-_Col%C3%B3n_de_Santa_Fe.jpg,['Club Atlético Colón'],-31.6625961,-60.7253955
324,Estadio Marcelo Bielsa,42000,South America,Argentina,Rosario,https://upload.wikimedia.org/wikipedia/commons/thumb/2/23/Estadio_Marcelo_Bielsa.jpg/150px-Estadio_Marcelo_Bielsa.jpg,"[""Newell's Old Boys""]",-32.9566572,-60.6612548
325,Stade GeoffroyGuichard,41965,Europe,France,Sainttienne,https://upload.wikimedia.org/wikipedia/commons/thumb/9/99/St_Etienne_Stade_Geoffroy_Guichard.jpg/150px-St_Etienne_Stade_Geoffroy_Guichard.jpg,['AS Saint-Étienne'],45.460517,4.389434
326,Vodafone Park,41903,Europe,Turkey,Istanbul,https://upload.wikimedia.org/wikipedia/commons/thumb/9/94/Vodafone_Park_Panorama.jpg/150px-Vodafone_Park_Panorama.jpg,['Beşiktaş J.K.'],41.0393092,28.9943526
327,Peter Mokaba Stadium,41733,Africa,South Africa,Polokwane,https://upload.wikimedia.org/wikipedia/commons/thumb/c/cd/Teams_are_warming_up_%284738980575%29.jpg/150px-Teams_are_warming_up_%284738980575%29.jpg,['Polokwane City FC'],-23.9248279,29.4687797
328,Estadio Gigante de Arroyito,41654,South America,Argentina,Rosario,https://upload.wikimedia.org/wikipedia/commons/thumb/6/66/Estadio_Gigante_de_Arroyito.jpg/150px-Estadio_Gigante_de_Arroyito.jpg,['Rosario Central'],-32.9140452,-60.6741857
329,Estadio Cachamay,41600,South America,Venezuela,Ciudad Guayana,https://upload.wikimedia.org/wikipedia/en/thumb/a/a0/CTE_Chamay_Aereo_Cut.jpg/150px-CTE_Chamay_Aereo_Cut.jpg,"['Atlético Club Mineros de Guayana', 'AC Minervén FC']",8.3126419,-62.6962556
330,Estadio de Liga Deportiva Universitaria,41596,South America,Ecuador,Quito,https://upload.wikimedia.org/wikipedia/commons/thumb/f/f6/Cl%C3%A1sico_Liga_de_Quito-Barcelona_de_Guayaquil.JPG/150px-Cl%C3%A1sico_Liga_de_Quito-Barcelona_de_Guayaquil.JPG,['LDU'],-0.1080242,-78.489666
331,Allianz Stadium,41507,Europe,Italy,Turin Piedmont,https://upload.wikimedia.org/wikipedia/commons/thumb/0/0e/Juventus_Stadium_in_Turin_-_Champions_League_2013-14_-_Juventus_v_Real_Madrid.jpg/150px-Juventus_Stadium_in_Turin_-_Champions_League_2013-14_-_Juventus_v_Real_Madrid.jpg,['Juventus FC'],45.1095522,7.6412777
332,Sapporo Dome,41484,East Asia,Japan,Sapporo Hokkaido,https://upload.wikimedia.org/wikipedia/commons/thumb/f/f1/Sapporo_Dome_001.jpeg/150px-Sapporo_Dome_001.jpeg,['Hokkaido Consadole Sapporo'],43.0151351,141.4097379
333,Stamford Bridge,41663,Europe,England,London,https://upload.wikimedia.org/wikipedia/commons/thumb/b/b1/Stamford_Bridge%2C_Chelsea_vs_Nottingham_Forest%2C_5_January_2020.jpg/150px-Stamford_Bridge%2C_Chelsea_vs_Nottingham_Forest%2C_5_January_2020.jpg,['Chelsea'],51.4817241,-0.1909471
334,Goyang Stadium,41311,East Asia,South Korea,Goyang,https://upload.wikimedia.org/wikipedia/commons/thumb/e/e1/Goyang_sta_1.JPG/150px-Goyang_sta_1.JPG,[],37.6763823,126.7430878
335,Estadio Hernando Siles,41143,South America,Bolivia,La Paz,https://upload.wikimedia.org/wikipedia/commons/thumb/9/9d/Hernando_Siles_Stadium_-_La_Paz.jpg/150px-Hernando_Siles_Stadium_-_La_Paz.jpg,"['La Paz FC', 'Club Bolívar', 'The Strongest']",-16.4994236,-68.1226674
336,Bingu National Stadium,41100,Africa,Malawi,Lilongwe,https://upload.wikimedia.org/wikipedia/commons/thumb/e/ea/BINGU_NATIONAL_STADIUM.jpg/150px-BINGU_NATIONAL_STADIUM.jpg,"['Flames', 'Big Bullets FC']",-13.9438937,33.7531604
337,Mbombela Stadium,40929,Africa,South Africa,Nelspruit Mpumalanga,https://upload.wikimedia.org/wikipedia/commons/thumb/2/26/Mbombela_Stadium_arena.jpg/150px-Mbombela_Stadium_arena.jpg,[],-25.461724,30.9297173
338,Estadio Jos Pachencho Romero,40800,South America,Venezuela,Maracaibo,https://upload.wikimedia.org/wikipedia/commons/thumb/3/38/JPPachenchoRomero-16.jpg/150px-JPPachenchoRomero-16.jpg,"['Deportivo JBL del Zulia', 'Deportivo Rayo Zuliano']",10.6740877,-71.6450053
339,Stade Nelson Mandela,40784,Africa,Algeria,Algiers,https://upload.wikimedia.org/wikipedia/commons/thumb/1/12/Nelson_Mandela_Stadium.jpg/150px-Nelson_Mandela_Stadium.jpg,['Algeria national football team'],36.6937716,3.1219508
340,Kashima Football Stadium,40728,East Asia,Japan,Kashima Ibaraki,https://upload.wikimedia.org/wikipedia/commons/thumb/b/bc/Kashima_Soccer_Stadium_5.jpg/150px-Kashima_Soccer_Stadium_5.jpg,['Kashima Antlers'],35.9681419,140.6405946
341,Baba Yara Stadium,40528,Africa,Ghana,Kumasi,https://upload.wikimedia.org/wikipedia/commons/thumb/a/a3/Kumasi924.JPG/150px-Kumasi924.JPG,"['Asante Kotoko', 'King Faisal Babes']",6.6821626,-1.6051304
342,Estdio Major Antnio Couto Pereira,40502,South America,Brazil,Curitiba Paran,https://upload.wikimedia.org/wikipedia/commons/thumb/7/72/Est%C3%A1dio_Couto_Pereira.jpg/150px-Est%C3%A1dio_Couto_Pereira.jpg,['Coritiba Foot Ball Club'],-25.4209759,-49.2594803
343,Stage Front Stadium,40500,Europe,Spain,Barcelona,https://upload.wikimedia.org/wikipedia/commons/thumb/b/b6/Estadicornellaelprat_1.jpg/150px-Estadicornellaelprat_1.jpg,['RCD Espanyol'],41.3481426,2.0745615
344,Estadio Metropolitano de ftbol de Lara,40312,South America,Venezuela,Barquisimeto,https://upload.wikimedia.org/wikipedia/commons/thumb/1/15/Estadio_Metropolitano_de_Lara.jpg/150px-Estadio_Metropolitano_de_Lara.jpg,['Unión Lara'],10.0677719,-69.3473509
345,Estadio Malvinas Argentinas,40268,South America,Argentina,Mendoza,https://upload.wikimedia.org/wikipedia/commons/thumb/7/7b/Estadio_Malvinas_Argentinas_2012.jpg/150px-Estadio_Malvinas_Argentinas_2012.jpg,['Godoy Cruz Antonio Tomba'],-32.8896642,-68.8800956
346,Stadion Lukas Enembe,40263,Southeast Asia,Indonesia,Nolokla,https://upload.wikimedia.org/wikipedia/commons/thumb/8/87/Lukas_Enembe_Stadium.jpg/150px-Lukas_Enembe_Stadium.jpg,['Persipura Jayapura'],-2.5787662,140.5755313
347,Gwangju World Cup Stadium,40245,East Asia,South Korea,Gwangju,https://upload.wikimedia.org/wikipedia/commons/thumb/7/73/Gwangju_World_Cup_Stadium.jpg/150px-Gwangju_World_Cup_Stadium.jpg,['Gwangju FC'],35.1336571,126.8748604
348,Sn vn ng Quc gia M nh,40192,Southeast Asia,Vietnam,Hanoi,https://upload.wikimedia.org/wikipedia/commons/thumb/3/39/Kh%C3%A1n_%C4%91%C3%A0i_B_-_S%C3%A2n_v%E1%BA%ADn_%C4%91%E1%BB%99ng_Qu%E1%BB%91c_gia_M%E1%BB%B9_%C4%90%C3%ACnh.jpg/150px-Kh%C3%A1n_%C4%91%C3%A0i_B_-_S%C3%A2n_v%E1%BA%ADn_%C4%91%E1%BB%99ng_Qu%E1%BB%91c_gia_M%E1%BB%B9_%C4%90%C3%ACnh.jpg,['Vietnam national football team'],21.0277644,105.8341598
349,Goodison Park,40157,Europe,England,Liverpool North West,https://upload.wikimedia.org/wikipedia/commons/thumb/b/b9/Goodison_Park_August_2022.jpg/150px-Goodison_Park_August_2022.jpg,['Everton FC'],52.3555177,-1.1743197
350,Estdio Governador Joo Castelo,40149,South America,Brazil,So Lus Maranho,https://upload.wikimedia.org/wikipedia/commons/thumb/d/d0/Est%C3%A1dio_Castel%C3%A3o_em_S%C3%A3o_Lu%C3%ADs%2C_Maranh%C3%A3o%2C_Brasil.jpg/150px-Est%C3%A1dio_Castel%C3%A3o_em_S%C3%A3o_Lu%C3%ADs%2C_Maranh%C3%A3o%2C_Brasil.jpg,"['Sampaio Corrêa FC', 'Moto Club SL', 'Maranhão AC']",-2.5487515,-44.2600644
351,Stade MiloudHadefi,40143,Africa,Algeria,Oran,https://upload.wikimedia.org/wikipedia/commons/thumb/e/e5/Stade_de_Oran.jpg/150px-Stade_de_Oran.jpg,"['Algeria national football team', 'MC Oran']",35.7284343,-0.5494177
352,Estadio Campen del Siglo,40005,South America,Uruguay,Montevideo,https://upload.wikimedia.org/wikipedia/commons/thumb/8/87/Estadio_Campe%C3%B3n_del_Siglo_setiembre_2021.jpg/150px-Estadio_Campe%C3%B3n_del_Siglo_setiembre_2021.jpg,['Club Atlético Peñarol'],-34.7968906,-56.0671246
353,Metalist Stadium,40003,Europe,Ukraine,Kharkiv,https://upload.wikimedia.org/wikipedia/commons/thumb/8/84/Metalist_Stadium_Kharkiv.jpg/150px-Metalist_Stadium_Kharkiv.jpg,"['FC Metalist Kharkiv', 'FC Shakhtar Donetsk']",49.9810252,36.2608654
354,AlJanoub Stadium,40000,West Asia,Qatar,AlWakrah,https://upload.wikimedia.org/wikipedia/commons/thumb/5/57/Visita_ao_est%C3%A1dio_de_futebol_Al_Janoub_1.jpg/150px-Visita_ao_est%C3%A1dio_de_futebol_Al_Janoub_1.jpg,[],25.1600082,51.5740966
355,AlThumama Stadium,40000,West Asia,Qatar,AlThumama,https://upload.wikimedia.org/wikipedia/en/thumb/d/d6/Al_Thumama_Stadium_%282%29.jpg/150px-Al_Thumama_Stadium_%282%29.jpg,[],25.2354318,51.5321536
356,Stade AhmedZabana,40000,Africa,Algeria,Oran,https://upload.wikimedia.org/wikipedia/commons/thumb/6/6a/Stade_Ahmed_Zabana_2.jpg/150px-Stade_Ahmed_Zabana_2.jpg,['MC Oran'],35.6833218,-0.6362669
357,Stadion Batakan,40000,Southeast Asia,Indonesia,Balikpapan East Kalimantan,https://upload.wikimedia.org/wikipedia/commons/thumb/d/d8/2017-11-14_Batakan.jpg/150px-2017-11-14_Batakan.jpg,['Persiba Balikpapan'],-1.2333487,116.9431443
358,Stadion Gelora Joko Samudro,40000,Southeast Asia,Indonesia,Gresik East Java,https://upload.wikimedia.org/wikipedia/commons/thumb/4/48/Gelora_Joko_Samudro_Stadium_%282016%29.jpg/150px-Gelora_Joko_Samudro_Stadium_%282016%29.jpg,['Gresik United'],-7.1856021,112.6507281
359,Fisht Olympic Stadium,40000,Europe,Russia,Sochi,https://upload.wikimedia.org/wikipedia/commons/thumb/e/e4/2017_Confederation_Cup_-_MEXNZL_-_Fisht.jpg/150px-2017_Confederation_Cup_-_MEXNZL_-_Fisht.jpg,[],43.401052,39.95629
360,Rentschler Field,40000,North America,United States,East Hartford Connecticut,https://upload.wikimedia.org/wikipedia/commons/thumb/c/cc/Rentschler_Field_2017.jpg/150px-Rentschler_Field_2017.jpg,[],41.7589474,-72.6194505
361,Jawaharlal Nehru Stadium,40000,South Asia,India,Kochi,https://upload.wikimedia.org/wikipedia/commons/thumb/8/83/Jawaharlal_Nehru_Stadium_%28Kochi%29_in_2022.jpg/150px-Jawaharlal_Nehru_Stadium_%28Kochi%29_in_2022.jpg,"['Kerala Blasters', 'India national football team']",9.9972907,76.3008729
362,Hang Jebat Stadium,40000,Southeast Asia,Malaysia,Malacca,https://upload.wikimedia.org/wikipedia/commons/thumb/2/20/Stadium_Hang_Jebat_015342.jpg/150px-Stadium_Hang_Jebat_015342.jpg,['Melaka United'],2.2891667,102.2322222
363,Hong Kong Stadium,40000,East Asia,Hong Kong,So Kon Po,https://upload.wikimedia.org/wikipedia/commons/thumb/d/db/Hong_Kong_Stadium-1.jpg/150px-Hong_Kong_Stadium-1.jpg,['South China AA'],22.2728794,114.1886088
364,Stadium Negeri Pulau Pinang,40000,Southeast Asia,Malaysia,Batu Kawan,https://upload.wikimedia.org/wikipedia/commons/thumb/9/94/Batu_Kawan_Stadium%2CPenang.jpg/150px-Batu_Kawan_Stadium%2CPenang.jpg,['Penang FA'],5.2610547,100.437581
365,Accra Sports Stadium,40000,Africa,Ghana,Accra,https://upload.wikimedia.org/wikipedia/commons/thumb/0/0a/No-image-available.png/480px-No-image-available.png,"['Accra Hearts of Oak SC', 'Great Olympics']",5.5514701,-0.1919171
366,Sarawak Stadium,40000,Southeast Asia,Malaysia,Kuching,https://upload.wikimedia.org/wikipedia/commons/thumb/0/07/Stadium_Sarawak.JPG/150px-Stadium_Sarawak.JPG,['Sarawak FA'],1.588484,110.3602158
367,Bogyoke Aung San Stadium,40000,Southeast Asia,Myanmar,Yangon,https://upload.wikimedia.org/wikipedia/commons/thumb/1/17/Aungsan_Stadium.jpg/150px-Aungsan_Stadium.jpg,['Yangon United FC'],16.7838551,96.160731
368,Resonac Dome ita,40000,East Asia,Japan,ita,https://upload.wikimedia.org/wikipedia/commons/thumb/1/17/%C5%8Cita_Stadium_2023-03.jpg/150px-%C5%8Cita_Stadium_2023-03.jpg,['Ōita Trinita'],36.204824,138.252924
369,Stadium Darul Makmur,40000,Southeast Asia,Malaysia,Kuantan,https://upload.wikimedia.org/wikipedia/commons/thumb/d/d9/Stadium_Pahang.jpg/150px-Stadium_Pahang.jpg,['Pahang FA'],3.8144618,103.3233562
370,Khalifa International Stadium,40000,West Asia,Qatar,Doha,https://upload.wikimedia.org/wikipedia/en/thumb/1/16/Khalifa_International_Stadium.jpg/150px-Khalifa_International_Stadium.jpg,['Qatar national football team'],25.2636219,51.4481083
371,Stade de lAmiti sinogabonaise,40000,Africa,Gabon,Libreville,https://upload.wikimedia.org/wikipedia/commons/thumb/0/0a/No-image-available.png/480px-No-image-available.png,['Gabon national football team'],0.5221464,9.393267
372,Peoples Football Stadium,40000,South Asia,Pakistan,Karachi,https://upload.wikimedia.org/wikipedia/commons/thumb/0/0a/No-image-available.png/480px-No-image-available.png,['Pakistan national football team'],24.8585485,66.9883157
373,JRD Tata Sports Complex Stadium,40000,South Asia,India,Jamshedpur,https://upload.wikimedia.org/wikipedia/commons/thumb/4/4e/J.R.D._Tata_Stadium.jpg/150px-J.R.D._Tata_Stadium.jpg,"['Jamshedpur FC', 'Tata Football Academy']",22.806101,86.1930647
374,Baoan Stadium,40000,East Asia,China,Shenzhen Guangdong,https://upload.wikimedia.org/wikipedia/commons/thumb/9/91/Bao%27an_Stadium.jpg/150px-Bao%27an_Stadium.jpg,[],22.5576931,113.8783457
375,Kunming Tuodong Sports Centre Stadium,40000,East Asia,China,Kunming Yunnan,https://upload.wikimedia.org/wikipedia/commons/thumb/7/79/Kunming_07.JPG/150px-Kunming_07.JPG,['China national football team'],25.035206,102.730228
376,Taizhou Sports Centre Stadium,40000,East Asia,China,Taizhou Zhejiang,https://upload.wikimedia.org/wikipedia/commons/thumb/0/0a/No-image-available.png/480px-No-image-available.png,[],28.646551,121.399897
377,Wuhu Olympic Stadium,40000,East Asia,China,Wuhu Anhui,https://upload.wikimedia.org/wikipedia/commons/thumb/0/0a/No-image-available.png/480px-No-image-available.png,[],31.3524599,118.43313
378,Huizhou Olympic Stadium,40000,East Asia,China,Huizhou Guangdong,https://upload.wikimedia.org/wikipedia/commons/thumb/0/0a/No-image-available.png/480px-No-image-available.png,[],23.034903,114.446793
